word	pos	bin	lfpm10r	nonce_word	incorrect_answers	correct_answers	correct_odds	correct_log_odds	residual	pred
abszint	noun	26	-0.659	FALSE	4	26	5.4	1.6863989535702288	-0.48951883178868544	2.1759177853588696
abszolútérték	noun	18	-1.554	FALSE	0	38	39	3.6635616461296463	1.924065049713282	1.7394965964163935
adszorbens	adjective	20	-1.303	FALSE	26	15	0.5925925925925926	-0.5232481437645479	-2.3718500374165616	1.8486018936520128
aggófű	noun	20	-1.365	FALSE	22	8	0.391304347826087	-0.9382696385929302	-2.7868715322449438	1.8486018936520128
agronómus	noun	24	-0.862	FALSE	13	16	1.2142857142857142	0.1941560144409574	-1.8726564736822946	2.066812488123251
agráregyetem	noun	19	-1.479	FALSE	3	42	10.75	2.3749057545736716	0.5808565095394678	1.7940492450342032
agyag	noun	36	0.579	FALSE	1	32	16.5	2.803360380906535	0.08191610936956778	2.721444271536965
akarózik	verb	20	-1.395	FALSE	8	23	2.6666666666666665	0.9808292530117262	-0.8677726406402874	1.8486018936520128
aktív	adjective	49	2.072	FALSE	0	26	27	3.295836866004329	-0.13479183756416258	3.4306287035684884
alap	noun	47	1.812	FALSE	0	25	26	3.258096538021482	-0.06342686831139019	3.3215234063328696
alapszabály	noun	38	0.803	FALSE	0	32	33	3.4965075614664802	0.6659579926938941	2.830549568772584
alapszik	verb	39	0.885	FALSE	1	23	12	2.4849066497880004	-0.40019556760239544	2.8851022173903935
alexandrinus	noun	18	-1.605	FALSE	16	21	1.2941176470588236	0.25782910930209985	-1.4816674871142943	1.7394965964163935
alfél	noun	11	-2.365	FALSE	8	22	2.5555555555555554	0.9382696385929302	-0.41935841749879726	1.357628056091727
algoritmikus	adjective	29	-0.265	FALSE	3	32	8.25	2.1102132003465894	-0.22936253086571046	2.3395757312122982
alkalom	noun	45	1.587	FALSE	0	32	33	3.4965075614664802	0.284089452369227	3.212418109097251
alkot	verb	42	1.179	FALSE	0	24	25	3.2188758248682006	0.1701156616243761	3.0487601632438217
allodiális	adjective	18	-1.526	FALSE	31	3	0.125	-2.0794415416798357	-3.81893813809623	1.7394965964163935
amodális	adjective	12	-2.268	FALSE	30	9	0.3225806451612903	-1.1314021114911006	-2.5435828162006375	1.4121807047095367
analizál	verb	22	-1.079	FALSE	1	41	21	3.044522437723423	1.0868152468357901	1.9577071908876318
angol	adjective	50	2.182	FALSE	0	31	32	3.4657359027997265	-0.01944544938657474	3.4851813521862978
anorák	noun	20	-1.335	FALSE	7	21	2.75	1.0116009116784799	-0.8370009819735337	1.8486018936520128
antikizál	verb	4	-3.171	FALSE	18	3	0.21052631578947367	-1.55814461804655	-2.53390413381361	0.9757595157670604
antikommutatív	adjective	3	-3.393	FALSE	10	40	3.727272727272727	1.3156767939059373	0.39446992675668674	0.9212068671492509
anyajogú	adjective	21	-1.283	FALSE	7	31	4	1.3862943611198906	-0.5168601811499326	1.9031545422698222
anzágol	verb	3	-3.393	FALSE	34	2	0.08571428571428572	-2.456735772821304	-3.3779426399705548	0.9212068671492509
arapapagáj	noun	19	-1.449	FALSE	9	30	3.1	1.1314021114911006	-0.6626471335431032	1.7940492450342032
arisztokratikus	adjective	31	-0.009	FALSE	0	27	28	3.332204510175204	0.8835234817272849	2.4486810284479175
arzénsav	noun	11	-2.408	FALSE	7	27	3.5	1.252762968495368	-0.10486508759635926	1.357628056091727
asszonánc	noun	17	-1.73	FALSE	27	16	0.6071428571428571	-0.4989911661189879	-2.1839351139175727	1.6849439477985841
aszimmetrikus	adjective	36	0.521	FALSE	1	28	14.5	2.6741486494265287	-0.04729562211043831	2.721444271536965
aszinkronmotor	noun	18	-1.565	FALSE	25	13	0.5384615384615384	-0.6190392084062235	-2.3585358048226186	1.7394965964163935
asztrál	adjective	26	-0.63	FALSE	13	10	0.7857142857142857	-0.2411620568168881	-2.4170798421757596	2.1759177853588696
attasé	noun	29	-0.312	FALSE	27	14	0.5357142857142857	-0.6241543090729939	-2.9637300402852937	2.3395757312122982
augusztus	noun	50	2.215	FALSE	2	29	10	2.302585092994046	-1.1825962591922554	3.4851813521862978
ausztrál	adjective	42	1.198	FALSE	1	38	19.5	2.970414465569701	-0.07834569767412358	3.0487601632438217
bacon	noun	33	0.189	FALSE	4	22	4.6	1.5260563034950492	-1.031730022188489	2.5577863256835363
bajadér	noun	19	-1.417	FALSE	30	12	0.41935483870967744	-0.8690378470236094	-2.663087092057814	1.7940492450342032
bajnok	noun	44	1.446	FALSE	0	39	40	3.6888794541139363	0.5310139936344925	3.1578654604794414
bajuszfű	noun	6	-2.967	FALSE	13	23	1.7142857142857142	0.5389965007326869	-0.5458683122699923	1.0848648130026795
balhitű	adjective	6	-2.967	FALSE	21	26	1.2272727272727273	0.20479441264601322	-0.880070400356666	1.0848648130026795
balhézik	verb	24	-0.925	FALSE	1	34	17.5	2.8622008809294686	0.7953883928062166	2.066812488123251
balközép	adjective	30	-0.179	FALSE	1	31	16	2.772588722239781	0.3784603424096717	2.394128379830108
barát	noun	42	1.221	FALSE	0	27	28	3.332204510175204	0.2834443469313793	3.0487601632438217
belgyógyász	noun	34	0.285	FALSE	0	33	34	3.5263605246161616	0.9140215503148138	2.6123389743013457
bennég	verb	14	-2.019	FALSE	9	22	2.3	0.8329091229351039	-0.6883768790100522	1.5212860019451555
beszittyózik	verb	1	-3.87	FALSE	11	23	2	0.6931471805599453	-0.11895438935368599	0.8121015699136319
beton	noun	40	1.056	FALSE	0	27	28	3.332204510175204	0.39254964416699845	2.939654866008203
biblikus	adjective	33	0.218	FALSE	3	29	7.5	2.0149030205422647	-0.5428833051412735	2.5577863256835363
biliárd	noun	31	-0.011	FALSE	4	38	7.8	2.0541237336955462	-0.39455729475237283	2.4486810284479175
biotermék	noun	28	-0.357	FALSE	0	38	39	3.6635616461296463	1.3785385635351561	2.285023082594489
bizmut	noun	23	-0.988	FALSE	10	15	1.4545454545454546	0.3746934494414107	-1.6375663900640316	2.0122598395054414
blúz	noun	32	0.038	FALSE	1	32	16.5	2.803360380906535	0.30012670384080614	2.503233677065727
bocskor	noun	25	-0.768	FALSE	0	45	46	3.828641396489095	1.7072762597480335	2.12136513674106
bojtárkodik	verb	6	-3.025	FALSE	1	34	17.5	2.8622008809294686	1.7773360679267893	1.0848648130026795
boldog	adjective	47	1.832	FALSE	0	25	26	3.258096538021482	-0.06342686831139019	3.3215234063328696
bolgár	adjective	40	1.03	FALSE	5	23	4	1.3862943611198906	-1.5533605048883148	2.939654866008203
bolondoz	verb	12	-2.302	FALSE	1	31	16	2.772588722239781	1.3604080175302442	1.4121807047095367
ború	noun	27	-0.485	FALSE	2	29	10	2.302585092994046	0.07211465901736522	2.230470433976679
bouillon	noun	14	-2.038	FALSE	34	8	0.2571428571428571	-1.3581234841531944	-2.8794094860983503	1.5212860019451555
bronz	noun	39	0.858	FALSE	1	33	17	2.833213344056216	-0.0518888733341796	2.8851022173903935
budavirág	noun	11	-2.408	FALSE	8	27	3.111111111111111	1.1349799328389845	-0.22264812325274286	1.357628056091727
buherál	verb	13	-2.122	FALSE	6	22	3.2857142857142856	1.1895840668738364	-0.27714928645351006	1.4667333533273461
buktázik	verb	8	-2.756	FALSE	10	26	2.4545454545454546	0.8979415932059586	-0.29602851703234007	1.1939701102382985
burukkol	verb	11	-2.352	FALSE	27	10	0.39285714285714285	-0.9343092373768334	-2.291937293468561	1.357628056091727
bágyaszt	verb	14	-2.071	FALSE	5	32	5.5	1.7047480922384253	0.18346209029326924	1.5212860019451555
bárányfark	noun	5	-3.092	FALSE	8	25	2.888888888888889	1.0608719606852626	0.030559796300392898	1.03031216438487
bélyeg	noun	34	0.274	FALSE	0	17	18	2.8903717578961645	0.2780327835948167	2.6123389743013457
bír	verb	45	1.595	FALSE	0	26	27	3.295836866004329	0.08341875690707592	3.212418109097251
bóbiskol	verb	21	-1.213	FALSE	1	32	16.5	2.803360380906535	0.9002058386367117	1.9031545422698222
bódé	noun	30	-0.138	FALSE	1	36	18.5	2.917770732084279	0.5236423522541696	2.394128379830108
búcsú	noun	38	0.823	FALSE	0	32	33	3.4965075614664802	0.6659579926938941	2.830549568772584
bús	adjective	35	0.421	FALSE	1	25	13	2.5649493574615367	-0.1019422654576207	2.6668916229191555
büntetéspénz	noun	12	-2.257	FALSE	2	29	10	2.302585092994046	0.8904043882845091	1.4121807047095367
bőkezű	adjective	32	0.086	FALSE	0	28	29	3.367295829986474	0.8640621529207455	2.503233677065727
bőr	noun	47	1.869	FALSE	0	26	27	3.295836866004329	-0.025686540328543207	3.3215234063328696
bőujjú	adjective	12	-2.257	FALSE	0	38	39	3.6635616461296463	2.251380941420109	1.4121807047095367
bűvkör	noun	13	-2.217	FALSE	3	25	6.5	1.8718021769015913	0.40506882357424484	1.4667333533273461
camembert	noun	28	-0.353	FALSE	5	24	4.166666666666667	1.4271163556401458	-0.8579067269543444	2.285023082594489
cianid	noun	25	-0.711	FALSE	15	15	1	0	-2.1213651367410615	2.12136513674106
cikk	noun	49	2.096	FALSE	0	34	35	3.5553480614894135	0.12471935792092181	3.4306287035684884
cirkalmaz	verb	5	-3.092	FALSE	21	9	0.45454545454545453	-0.7884573603642702	-1.8187695247491398	1.03031216438487
cirkusz	noun	37	0.637	FALSE	0	44	45	3.8066624897703196	1.0306655696155431	2.7759969201547747
citrom	noun	41	1.081	FALSE	0	31	32	3.4657359027997265	0.4715283881737115	2.9942075146260123
cizellál	verb	12	-2.339	FALSE	10	26	2.4545454545454546	0.8979415932059586	-0.5142391115035785	1.4121807047095367
család	noun	50	2.364	FALSE	0	29	30	3.4011973816621555	-0.08398397052414583	3.4851813521862978
csapattest	noun	20	-1.301	FALSE	12	30	2.3846153846153846	0.8690378470236095	-0.979564046628404	1.8486018936520128
csapdáz	verb	4	-3.268	FALSE	5	28	4.833333333333333	1.575536360758419	0.5997768449913589	0.9757595157670604
csapáz	verb	2	-3.569	FALSE	24	13	0.56	-0.579818495252942	-1.4464727137843831	0.8666542185314414
csattog	verb	28	-0.374	FALSE	0	33	34	3.5263605246161616	1.2413374420216714	2.285023082594489
csatázik	verb	27	-0.489	FALSE	1	33	17	2.833213344056216	0.6027429100795355	2.230470433976679
cselekmény	noun	41	1.145	FALSE	0	26	27	3.295836866004329	0.3016293513783141	2.9942075146260123
csend	noun	42	1.294	FALSE	0	33	34	3.5263605246161616	0.4776003613723371	3.0487601632438217
csengettyű	noun	26	-0.622	FALSE	1	29	15	2.70805020110221	0.532132415743339	2.1759177853588696
csobog	verb	27	-0.57	FALSE	0	27	28	3.332204510175204	1.1017340761985233	2.230470433976679
csomag	noun	46	1.762	FALSE	0	34	35	3.5553480614894135	0.2883773037743505	3.26697075771506
csontdarab	noun	22	-1.165	FALSE	2	32	11	2.3978952727983707	0.44018808191073794	1.9577071908876318
csácsog	verb	8	-2.791	FALSE	16	15	0.9411764705882353	-0.060624621816434854	-1.2545947320547335	1.1939701102382985
csöndesedik	verb	14	-2.057	FALSE	0	27	28	3.332204510175204	1.8109185082300479	1.5212860019451555
csöpörög	verb	15	-1.897	FALSE	2	36	12.333333333333334	2.512305623976115	0.9364669734131492	1.5758386505629651
csüggedez	verb	8	-2.756	FALSE	5	26	4.5	1.5040773967762742	0.31010728653797565	1.1939701102382985
csüggeszt	verb	17	-1.753	FALSE	3	23	6	1.791759469228055	0.1068155214294702	1.6849439477985841
csőszház	noun	19	-1.512	FALSE	5	34	5.833333333333333	1.7635885922613586	-0.030460652772845393	1.7940492450342032
cucc	noun	40	1.051	FALSE	1	31	16	2.772588722239781	-0.16706614376842419	2.939654866008203
cugehőr	noun	7	-2.916	FALSE	29	5	0.2	-1.6094379124341003	-2.7488553740545894	1.139417461620489
cukrász	noun	35	0.377	FALSE	0	37	38	3.6375861597263857	0.9706945368072282	2.6668916229191555
cáfol	verb	30	-0.198	FALSE	0	31	32	3.4657359027997265	1.0716075229696171	2.394128379830108
célszerű	adjective	45	1.551	FALSE	0	25	26	3.258096538021482	0.045678428924228943	3.212418109097251
cím	noun	49	2.011	FALSE	0	30	31	3.4339872044851463	0.003358500916654565	3.4306287035684884
darab	noun	49	2.044	FALSE	1	29	15	2.70805020110221	-0.7225785024662816	3.4306287035684884
degusztál	verb	1	-3.87	FALSE	28	7	0.27586206896551724	-1.2878542883066382	-2.09995585822027	0.8121015699136319
dermeszt	verb	25	-0.813	FALSE	1	32	16.5	2.803360380906535	0.6819952441654733	2.12136513674106
derít	verb	32	0.012	FALSE	3	23	6	1.791759469228055	-0.7114742078376737	2.503233677065727
desszertestál	noun	3	-3.393	FALSE	5	32	5.5	1.7047480922384253	0.7835412250891748	0.9212068671492509
deszkalap	noun	21	-1.207	FALSE	1	28	14.5	2.6741486494265287	0.7709941071567056	1.9031545422698222
detonátor	noun	20	-1.31	FALSE	5	46	7.833333333333333	2.0583881324820035	0.2097862388299899	1.8486018936520128
deutérium	noun	28	-0.462	FALSE	12	17	1.3846153846153846	0.32542240043462795	-1.9596006821598622	2.285023082594489
diffamál	verb	3	-3.393	FALSE	35	3	0.1111111111111111	-2.1972245773362196	-3.11843144448547	0.9212068671492509
digitális	adjective	49	2.032	FALSE	1	23	12	2.4849066497880004	-0.9457220537804913	3.4306287035684884
diktátor	noun	37	0.599	FALSE	1	35	18	2.8903717578961645	0.1143748377413879	2.7759969201547747
dipeptid	noun	19	-1.46	FALSE	16	20	1.2352941176470589	0.21130909366720696	-1.582740151366997	1.7940492450342032
disszertál	verb	4	-3.268	FALSE	1	33	17	2.833213344056216	1.8574538282891562	0.9757595157670604
diszkretizál	verb	2	-3.569	FALSE	11	31	2.6666666666666665	0.9808292530117262	0.11417503448028524	0.8666542185314414
diviz	noun	10	-2.569	FALSE	27	2	0.10714285714285714	-2.2335922215070942	-3.536667628981012	1.3030754074739175
diáknyelv	noun	22	-1.131	FALSE	0	37	38	3.6375861597263857	1.6798789688387528	1.9577071908876318
dobbant	verb	14	-2.001	FALSE	0	28	29	3.367295829986474	1.8460098280413182	1.5212860019451555
doktorátus	noun	24	-0.82	FALSE	2	29	10	2.302585092994046	0.23577260487079402	2.066812488123251
dokumentum	noun	46	1.715	FALSE	0	35	36	3.58351893845611	0.3165481807410469	3.26697075771506
dolgozik	verb	48	1.948	FALSE	0	25	26	3.258096538021482	-0.1179795169292	3.376076054950679
dolog	noun	50	2.387	FALSE	0	27	28	3.332204510175204	-0.15297684201109749	3.4851813521862978
donhuán	noun	10	-2.472	FALSE	11	21	1.8333333333333333	0.6061358035703155	-0.6969396039036021	1.3030754074739175
dádá	noun	19	-1.428	FALSE	14	28	1.9333333333333333	0.659245628884264	-1.1348036161499397	1.7940492450342032
dán	adjective	41	1.147	FALSE	0	18	19	2.9444389791664403	-0.04976853545957476	2.9942075146260123
délceg	adjective	30	-0.228	FALSE	1	28	14.5	2.6741486494265287	0.2800202695964193	2.394128379830108
dévánkozik	verb	7	-2.916	FALSE	33	5	0.17647058823529413	-1.7346010553881064	-2.874018517008595	1.139417461620489
díjnokoskodik	verb	2	-3.569	FALSE	22	7	0.34782608695652173	-1.0560526742493137	-1.9227068927807545	0.8666542185314414
díszletez	verb	1	-3.87	FALSE	5	33	5.666666666666667	1.7346010553881064	0.922499485474475	0.8121015699136319
döföl	verb	8	-2.724	FALSE	29	10	0.36666666666666664	-1.0033021088637848	-2.1972722191020835	1.1939701102382985
dögönyöz	verb	17	-1.645	FALSE	0	39	40	3.6888794541139363	2.0039355063153512	1.6849439477985841
dölyfösködik	verb	9	-2.64	FALSE	0	36	37	3.6109179126442243	2.3623951537881163	1.248522758856108
egyenetlenkedik	verb	4	-3.171	FALSE	2	30	10.333333333333334	2.3353749158170367	1.3596154000499767	0.9757595157670604
egyenrangú	adjective	38	0.781	FALSE	2	23	8	2.0794415416798357	-0.7511080270927504	2.830549568772584
egzisztencializmus	noun	27	-0.574	FALSE	2	29	10	2.302585092994046	0.07211465901736522	2.230470433976679
egérlyuk	noun	20	-1.349	FALSE	1	40	20.5	3.0204248861443626	1.171822992492349	1.8486018936520128
elcsigázódik	verb	5	-3.092	FALSE	5	36	6.166666666666667	1.8191584434161694	0.7888462790312998	1.03031216438487
elegy	adjective	21	-1.266	FALSE	3	40	10.25	2.327277705584417	0.424123163314594	1.9031545422698222
ellenfél	noun	43	1.362	FALSE	0	33	34	3.5263605246161616	0.4230477127545274	3.103312811861631
elméskedik	verb	7	-2.916	FALSE	7	26	3.375	1.2163953243244932	0.07697786270400422	1.139417461620489
elnyűvődik	verb	4	-3.268	FALSE	6	33	4.857142857142857	1.580450375560848	0.604690859793788	0.9757595157670604
elszarusodik	verb	16	-1.798	FALSE	0	36	37	3.6109179126442243	1.9805266134634492	1.6303912991807747
embertelenedik	verb	6	-2.967	FALSE	4	39	8	2.0794415416798357	0.9945767286771565	1.0848648130026795
embertömeg	noun	30	-0.21	FALSE	0	32	33	3.4965075614664802	1.1023791816363708	2.394128379830108
engedetlenkedik	verb	13	-2.171	FALSE	0	17	18	2.8903717578961645	1.4236384045688182	1.4667333533273461
eredményez	verb	43	1.362	FALSE	0	18	19	2.9444389791664403	-0.1588738326951939	3.103312811861631
erejű	adjective	41	1.152	FALSE	0	39	40	3.6888794541139363	0.6946719394879213	2.9942075146260123
eretnek	adjective	7	-2.916	FALSE	0	33	34	3.5263605246161616	2.3869430629956727	1.139417461620489
esemény	noun	48	1.884	FALSE	0	33	34	3.5263605246161616	0.15028446966547945	3.376076054950679
eszköz	noun	48	1.983	FALSE	0	32	33	3.4965075614664802	0.12043150651579812	3.376076054950679
evakuál	verb	12	-2.339	FALSE	5	28	4.833333333333333	1.575536360758419	0.16335565604888208	1.4121807047095367
expresszlevél	noun	9	-2.666	FALSE	2	33	11.333333333333334	2.4277482359480516	1.1792254770919437	1.248522758856108
extravagáns	adjective	35	0.394	FALSE	0	26	27	3.295836866004329	0.6289452430851716	2.6668916229191555
extravert	noun	1	-3.87	FALSE	15	24	1.5625	0.44628710262841953	-0.365814467285212	0.8121015699136319
extrém	adjective	43	1.384	FALSE	0	33	34	3.5263605246161616	0.4230477127545274	3.103312811861631
ezredmásodperc	noun	25	-0.708	FALSE	3	33	8.5	2.1400661634962708	0.018701026755209266	2.12136513674106
ezüstös	adjective	34	0.281	FALSE	0	40	41	3.713572066704308	1.1012330924029603	2.6123389743013457
fajansz	noun	24	-0.829	FALSE	10	23	2.1818181818181817	0.780158557549575	-1.2866539305736768	2.066812488123251
fanatizmus	noun	30	-0.122	FALSE	1	26	13.5	2.6026896854443837	0.20856130561427427	2.394128379830108
farizeus	adjective	27	-0.491	FALSE	8	24	2.7777777777777777	1.0216512475319812	-1.2088191864446993	2.230470433976679
farkasbab	noun	13	-2.154	FALSE	9	24	2.5	0.9162907318741551	-0.5504426214531913	1.4667333533273461
fegyvergyár	noun	24	-0.842	FALSE	0	27	28	3.332204510175204	1.265392022051952	2.066812488123251
fegyverterem	noun	16	-1.849	FALSE	6	29	4.285714285714286	1.455287232606842	-0.17510406657393315	1.6303912991807747
fehérít	verb	23	-0.974	FALSE	0	29	30	3.4011973816621555	1.3889375421567132	2.0122598395054414
fekhely	noun	29	-0.287	FALSE	0	32	33	3.4965075614664802	1.1569318302541804	2.3395757312122982
felcsavaroz	verb	7	-2.829	FALSE	1	23	12	2.4849066497880004	1.3454891881675115	1.139417461620489
feledékeny	adjective	30	-0.209	FALSE	0	39	40	3.6888794541139363	1.2947510742838269	2.394128379830108
felharmonikus	adjective	23	-0.943	FALSE	17	15	0.8888888888888888	-0.11778303565638351	-2.130042875161826	2.0122598395054414
felsőfokú	adjective	43	1.323	FALSE	0	35	36	3.58351893845611	0.48020612659447576	3.103312811861631
feltupíroz	verb	6	-2.967	FALSE	1	45	23	3.1354942159291497	2.0506294029264702	1.0848648130026795
fennsík	noun	32	0.019	FALSE	2	32	11	2.3978952727983707	-0.105338404267358	2.503233677065727
fentereg	verb	9	-2.694	FALSE	19	12	0.65	-0.4307829160924542	-1.679305674948562	1.248522758856108
fenőszíj	noun	11	-2.439	FALSE	14	18	1.2666666666666666	0.23638877806423034	-1.121239278027497	1.357628056091727
fertilis	adjective	21	-1.185	FALSE	11	24	2.0833333333333335	0.7339691750802005	-1.1691853671896226	1.9031545422698222
fiatalember	noun	42	1.184	FALSE	0	33	34	3.5263605246161616	0.4776003613723371	3.0487601632438217
figyelem	noun	43	1.387	FALSE	0	42	43	3.7612001156935624	0.6578873038319283	3.103312811861631
filologizál	verb	3	-3.393	FALSE	14	22	1.5333333333333334	0.42744401482693967	-0.49376285232231093	0.9212068671492509
finomszesz	noun	18	-1.598	FALSE	2	43	14.666666666666666	2.6855773452501515	0.9460807488337571	1.7394965964163935
finálé	noun	36	0.492	FALSE	1	31	16	2.772588722239781	0.051144450702814086	2.721444271536965
firkál	verb	24	-0.912	FALSE	1	37	19	2.9444389791664403	0.8776264910431884	2.066812488123251
fjord	noun	28	-0.408	FALSE	6	23	3.4285714285714284	1.2321436812926323	-1.0528794013018579	2.285023082594489
foglaltatik	verb	33	0.166	FALSE	1	36	18.5	2.917770732084279	0.3599844064007407	2.5577863256835363
fogózkodik	verb	8	-2.791	FALSE	1	45	23	3.1354942159291497	1.9415241056908512	1.1939701102382985
folyik	verb	46	1.717	FALSE	1	37	19	2.9444389791664403	-0.32253177854862275	3.26697075771506
fon	verb	31	-0.09	FALSE	2	24	8.333333333333334	2.120263536200091	-0.32841749224782807	2.4486810284479175
fonógép	noun	16	-1.862	FALSE	0	32	33	3.4965075614664802	1.866116262285705	1.6303912991807747
forgalom	noun	45	1.57	FALSE	0	35	36	3.58351893845611	0.3711008293588567	3.212418109097251
forgatókönyv	noun	40	1.045	FALSE	1	17	9	2.1972245773362196	-0.7424302886719858	2.939654866008203
forgórész	noun	29	-0.244	FALSE	1	26	13.5	2.6026896854443837	0.26311395423208384	2.3395757312122982
forog	verb	40	1.046	FALSE	0	30	31	3.4339872044851463	0.49433233847694086	2.939654866008203
forrpont	noun	18	-1.542	FALSE	12	13	1.0769230769230769	0.074107972153721835	-1.6653886242626725	1.7394965964163935
forróvérű	adjective	24	-0.901	FALSE	0	25	26	3.258096538021482	1.1912840498982302	2.066812488123251
fotoszenzibilis	adjective	7	-2.829	FALSE	10	26	2.4545454545454546	0.8979415932059586	-0.24147586841453048	1.139417461620489
fotoszintetikus	adjective	26	-0.691	FALSE	1	41	21	3.044522437723423	0.868604652364552	2.1759177853588696
frakcionál	verb	8	-2.791	FALSE	4	31	6.4	1.8562979903656263	0.6623278801273278	1.1939701102382985
friss	adjective	49	2.081	FALSE	0	37	38	3.6375861597263857	0.20695745615789396	3.4306287035684884
frizíroz	verb	2	-3.569	FALSE	21	14	0.6818181818181818	-0.38299225225610584	-1.249646470787547	0.8666542185314414
frontszakasz	noun	19	-1.472	FALSE	0	40	41	3.713572066704308	1.9195228216701041	1.7940492450342032
funkcionális	adjective	42	1.255	FALSE	2	32	11	2.3978952727983707	-0.6508648904454538	3.0487601632438217
fut	verb	44	1.461	FALSE	1	25	13	2.5649493574615367	-0.592916103017907	3.1578654604794414
fázik	verb	33	0.226	FALSE	0	33	34	3.5263605246161616	0.9685741989326235	2.5577863256835363
fél	noun	47	1.813	FALSE	0	29	30	3.4011973816621555	0.07967397532928314	3.3215234063328696
félelem	noun	44	1.451	FALSE	0	30	31	3.4339872044851463	0.2761217440057025	3.1578654604794414
félvariogram	noun	10	-2.509	FALSE	21	2	0.13636363636363635	-1.9924301646902063	-3.295505572164124	1.3030754074739175
fény	noun	47	1.794	FALSE	1	32	16.5	2.803360380906535	-0.5181630254263374	3.3215234063328696
fényesít	verb	20	-1.369	FALSE	0	22	23	3.1354942159291497	1.286892322277136	1.8486018936520128
fényképezőgép	noun	40	0.963	FALSE	0	31	32	3.4657359027997265	0.5260810367915212	2.939654866008203
fókabőr	noun	17	-1.677	FALSE	3	29	7.5	2.0149030205422647	0.3299590727436799	1.6849439477985841
fókázik	verb	9	-2.666	FALSE	1	30	15.5	2.740840023925201	1.492317265069093	1.248522758856108
föld	noun	47	1.795	FALSE	1	26	13.5	2.6026896854443837	-0.7188337208884885	3.3215234063328696
föllélegez	verb	3	-3.393	FALSE	1	38	19.5	2.970414465569701	2.04920759842045	0.9212068671492509
függ	verb	48	1.905	FALSE	0	33	34	3.5263605246161616	0.15028446966547945	3.376076054950679
fürkész	verb	24	-0.829	FALSE	1	23	12	2.4849066497880004	0.41809416166474844	2.066812488123251
füvesít	verb	11	-2.379	FALSE	0	38	39	3.6635616461296463	2.305933590037919	1.357628056091727
főispán	noun	33	0.177	FALSE	3	29	7.5	2.0149030205422647	-0.5428833051412735	2.5577863256835363
fűtőanyag	noun	30	-0.156	FALSE	0	22	23	3.1354942159291497	0.7413658360990403	2.394128379830108
fűződik	verb	41	1.102	FALSE	2	21	7.333333333333333	1.992430164690206	-1.001777349935809	2.9942075146260123
gaz	adjective	33	0.213	FALSE	4	30	6.2	1.824549292051046	-0.7332370336324922	2.5577863256835363
gazdag	adjective	48	1.977	FALSE	0	27	28	3.332204510175204	-0.043871544775478326	3.376076054950679
genom	noun	32	0.016	FALSE	6	28	4.142857142857143	1.421385680931161	-1.0818479961345677	2.503233677065727
gerencsér	noun	18	-1.63	FALSE	5	21	3.6666666666666665	1.2992829841302609	-0.4402136122861335	1.7394965964163935
germán	adjective	36	0.541	FALSE	1	28	14.5	2.6741486494265287	-0.04729562211043831	2.721444271536965
glosszáz	verb	2	-3.569	FALSE	17	17	1	0	-0.866654218531441	0.8666542185314414
glükóz	noun	35	0.41	FALSE	3	35	9	2.1972245773362196	-0.46966704558293787	2.6668916229191555
gond	noun	48	1.92	FALSE	0	33	34	3.5263605246161616	0.15028446966547945	3.376076054950679
gondol	verb	43	1.385	FALSE	0	39	40	3.6888794541139363	0.5855666422523021	3.103312811861631
gondoskodik	verb	45	1.605	FALSE	1	27	14	2.6390573296152584	-0.5733607794819947	3.212418109097251
grafikon	noun	35	0.471	FALSE	3	36	9.25	2.224623551524334	-0.44226807139482344	2.6668916229191555
gráf	noun	32	0.062	FALSE	3	33	8.5	2.1400661634962708	-0.3631675135694579	2.503233677065727
gróf	noun	42	1.267	FALSE	0	30	31	3.4339872044851463	0.3852270412413218	3.0487601632438217
gubóvirág	noun	13	-2.18	FALSE	3	36	9.25	2.224623551524334	0.7578901981969876	1.4667333533273461
gyakornokoskodik	verb	15	-1.897	FALSE	1	30	15.5	2.740840023925201	1.1650013733622353	1.5758386505629651
gyapot	noun	30	-0.198	FALSE	2	21	7.333333333333333	1.992430164690206	-0.4016982151399034	2.394128379830108
gyerek	noun	49	2.08	FALSE	2	33	11.333333333333334	2.4277482359480516	-1.0028804676204401	3.4306287035684884
gyámpont	noun	1	-3.87	FALSE	18	18	1	0	-0.8121015699136314	0.8121015699136319
gyárt	verb	39	0.859	FALSE	0	31	32	3.4657359027997265	0.5806336854093308	2.8851022173903935
gyász	noun	38	0.714	FALSE	0	36	37	3.6109179126442243	0.7803683438716382	2.830549568772584
gyíkfű	noun	17	-1.746	FALSE	7	34	4.375	1.4759065198095778	-0.20903742798900699	1.6849439477985841
gyógyszerész	noun	37	0.618	FALSE	0	37	38	3.6375861597263857	0.861589239571609	2.7759969201547747
gyülemlik	verb	22	-1.145	FALSE	3	27	7	1.9459101490553132	-0.011797041832319487	1.9577071908876318
gyűjt	verb	39	0.919	FALSE	0	27	28	3.332204510175204	0.447102292784808	2.8851022173903935
gyűjtemény	noun	41	1.112	FALSE	0	27	28	3.332204510175204	0.3379969955491888	2.9942075146260123
gyűrűz	verb	13	-2.171	FALSE	0	32	33	3.4965075614664802	2.0297742081391337	1.4667333533273461
gép	noun	48	1.909	FALSE	0	32	33	3.4965075614664802	0.12043150651579812	3.376076054950679
gézengúz	noun	23	-0.982	FALSE	0	31	32	3.4657359027997265	1.4534760632942842	2.0122598395054414
gór	verb	16	-1.849	FALSE	19	15	0.8	-0.2231435513142097	-1.853534850494985	1.6303912991807747
gótikus	adjective	39	0.853	FALSE	0	35	36	3.58351893845611	0.6984167210657142	2.8851022173903935
had	noun	37	0.644	FALSE	3	29	7.5	2.0149030205422647	-0.761093899612512	2.7759969201547747
hadijáték	noun	22	-1.139	FALSE	1	39	20	2.995732273553991	1.038025082666358	1.9577071908876318
hagy	verb	43	1.402	FALSE	1	32	16.5	2.803360380906535	-0.2999524309550993	3.103312811861631
hajcsárkodik	verb	7	-2.916	FALSE	4	36	7.4	2.0014800002101243	0.8620625385896354	1.139417461620489
hajlik	verb	36	0.575	FALSE	0	25	26	3.258096538021482	0.5366522664845151	2.721444271536965
halad	verb	44	1.521	FALSE	0	25	26	3.258096538021482	0.10023107754203839	3.1578654604794414
halmajonéz	noun	1	-3.87	FALSE	24	15	0.64	-0.4462871026284195	-1.2583886725420508	0.8121015699136319
halom	noun	37	0.685	FALSE	4	28	5.8	1.7578579175523736	-1.0181390026024029	2.7759969201547747
hamburger	noun	34	0.337	FALSE	0	27	28	3.332204510175204	0.719865535873856	2.6123389743013457
hamispénz	noun	13	-2.189	FALSE	0	33	34	3.5263605246161616	2.059627171288815	1.4667333533273461
hangyabogáncs	noun	14	-2.001	FALSE	14	26	1.8	0.5877866649021191	-0.9334993370430369	1.5212860019451555
hantáz	verb	4	-3.268	FALSE	5	31	5.333333333333333	1.6739764335716716	0.6982169178046115	0.9757595157670604
harmonikus	adjective	41	1.175	FALSE	0	29	30	3.4011973816621555	0.40698986703614043	2.9942075146260123
harsonázik	verb	13	-2.18	FALSE	0	36	37	3.6109179126442243	2.1441845593168773	1.4667333533273461
hasonértékű	adjective	9	-2.615	FALSE	8	39	4.444444444444445	1.491654876777717	0.24313211792160885	1.248522758856108
hasznosít	verb	29	-0.333	FALSE	1	27	14	2.6390573296152584	0.2994815984029585	2.3395757312122982
hatalom	noun	46	1.658	FALSE	0	25	26	3.258096538021482	-0.008874219693580855	3.26697075771506
határidejű	adjective	35	0.448	FALSE	1	28	14.5	2.6741486494265287	0.007257026507371318	2.6668916229191555
hatékony	adjective	48	1.967	FALSE	0	28	29	3.367295829986474	-0.008780224964207987	3.376076054950679
hazardíroz	verb	12	-2.257	FALSE	8	27	3.111111111111111	1.1349799328389845	-0.2772007718705525	1.4121807047095367
hazardírozik	verb	17	-1.674	FALSE	7	26	3.375	1.2163953243244932	-0.4685486234740916	1.6849439477985841
hecsedlilekvár	noun	10	-2.528	FALSE	17	18	1.0555555555555556	0.05406722127027579	-1.2490081862036417	1.3030754074739175
hegelianizmus	noun	15	-1.989	FALSE	25	9	0.38461538461538464	-0.9555114450274363	-2.5313500955904025	1.5758386505629651
hegyipáfrány	noun	3	-3.393	FALSE	4	31	6.4	1.8562979903656263	0.9350911232163758	0.9212068671492509
heherész	verb	7	-2.829	FALSE	10	27	2.5454545454545454	0.9343092373768334	-0.20510822424365557	1.139417461620489
hejehujázik	verb	8	-2.756	FALSE	3	41	10.5	2.3513752571634776	1.1574051469251792	1.1939701102382985
heliotropizmus	noun	9	-2.64	FALSE	20	23	1.1428571428571428	0.13353139262452257	-1.1149913662315851	1.248522758856108
hely	noun	50	2.2	FALSE	2	36	12.333333333333334	2.512305623976115	-0.9728757282101864	3.4851813521862978
helyezkedik	verb	45	1.552	FALSE	0	29	30	3.4011973816621555	0.18877927256490226	3.212418109097251
hengerszimmetrikus	adjective	16	-1.802	FALSE	4	38	7.8	2.0541237336955462	0.42373243451477105	1.6303912991807747
hermetizál	verb	1	-3.87	FALSE	6	26	3.857142857142857	1.349926716949016	0.5378251470353845	0.8121015699136319
heveny	adjective	36	0.516	FALSE	2	23	8	2.0794415416798357	-0.6420027298571312	2.721444271536965
heveredik	verb	17	-1.642	FALSE	2	30	10.333333333333334	2.3353749158170367	0.650430968018452	1.6849439477985841
hidegház	noun	10	-2.509	FALSE	3	30	7.75	2.0476928433652555	0.7446174358913379	1.3030754074739175
hidegtál	noun	25	-0.8	FALSE	1	39	20	2.995732273553991	0.8743671368129293	2.12136513674106
hidroxid	noun	27	-0.536	FALSE	1	28	14.5	2.6741486494265287	0.44367821544984803	2.230470433976679
hierarchikus	adjective	36	0.553	FALSE	3	28	7.25	1.9810014688665833	-0.7404428026703836	2.721444271536965
hivatalnokoskodik	verb	7	-2.829	FALSE	0	42	43	3.7612001156935624	2.6217826540730735	1.139417461620489
hiányzik	verb	46	1.691	FALSE	1	34	17.5	2.8622008809294686	-0.40476987678559445	3.26697075771506
hokizik	verb	18	-1.542	FALSE	1	39	20	2.995732273553991	1.2562356771375967	1.7394965964163935
holdvilág	noun	28	-0.363	FALSE	2	36	12.333333333333334	2.512305623976115	0.22728254138162454	2.285023082594489
holland	adjective	44	1.461	FALSE	0	38	39	3.6635616461296463	0.5056961856502026	3.1578654604794414
holografikus	adjective	31	-0.023	FALSE	1	38	19.5	2.970414465569701	0.521733437121782	2.4486810284479175
holttest	noun	34	0.301	FALSE	0	22	23	3.1354942159291497	0.5231552416278019	2.6123389743013457
homeomorfizmus	noun	10	-2.509	FALSE	13	25	1.8571428571428572	0.6190392084062235	-0.6840361990676941	1.3030754074739175
homlok	noun	34	0.295	FALSE	0	30	31	3.4339872044851463	0.8216482301837985	2.6123389743013457
homok	noun	39	0.936	FALSE	2	35	12	2.4849066497880004	-0.40019556760239544	2.8851022173903935
homoktölcsér	noun	8	-2.756	FALSE	4	39	8	2.0794415416798357	0.8854714314415373	1.1939701102382985
homokzátony	noun	18	-1.552	FALSE	3	30	7.75	2.0476928433652555	0.3081962469488611	1.7394965964163935
homályosít	verb	18	-1.596	FALSE	1	40	20.5	3.0204248861443626	1.2809282897279683	1.7394965964163935
hordócsap	noun	7	-2.87	FALSE	0	36	37	3.6109179126442243	2.4715004510237355	1.139417461620489
horganyfehér	adjective	7	-2.829	FALSE	17	16	0.9444444444444444	-0.05715841383994864	-1.1965758754604376	1.139417461620489
horizont	noun	34	0.296	FALSE	2	31	10.666666666666666	2.367123614131617	-0.2452153601697308	2.6123389743013457
hossz	noun	38	0.738	FALSE	0	30	31	3.4339872044851463	0.6034376357125601	2.830549568772584
hosszall	verb	6	-3.025	FALSE	14	18	1.2666666666666666	0.23638877806423034	-0.8484760349384488	1.0848648130026795
hull	verb	36	0.575	FALSE	2	31	10.666666666666666	2.367123614131617	-0.35432065740535007	2.721444271536965
hullik	verb	37	0.611	FALSE	0	37	38	3.6375861597263857	0.861589239571609	2.7759969201547747
hullong	verb	16	-1.81	FALSE	22	10	0.4782608695652174	-0.7375989431307791	-2.3679902423115546	1.6303912991807747
hullámzik	verb	32	0.076	FALSE	0	33	34	3.5263605246161616	1.0231268475504331	2.503233677065727
hurok	noun	34	0.328	FALSE	0	32	33	3.4965075614664802	0.8841685871651325	2.6123389743013457
háborúzik	verb	25	-0.744	FALSE	0	28	29	3.367295829986474	1.2459306932454126	2.12136513674106
hálózsák	noun	31	-0.037	FALSE	1	36	18.5	2.917770732084279	0.46908970363635993	2.4486810284479175
háromfedélzetű	adjective	8	-2.791	FALSE	7	26	3.375	1.2163953243244932	0.022425214086194654	1.1939701102382985
hátall	verb	6	-3.025	FALSE	28	16	0.5862068965517241	-0.534082485930258	-1.6189472989329372	1.0848648130026795
háziasszony	noun	36	0.565	FALSE	0	31	32	3.4657359027997265	0.7442916312627595	2.721444271536965
háznép	noun	24	-0.832	FALSE	3	28	7.25	1.9810014688665833	-0.08581101925666856	2.066812488123251
házorom	noun	10	-2.472	FALSE	9	24	2.5	0.9162907318741551	-0.38678467559976254	1.3030754074739175
hérósz	noun	7	-2.829	FALSE	10	25	2.3636363636363638	0.8602012652231116	-0.2792161963973775	1.139417461620489
híd	noun	44	1.454	FALSE	0	30	31	3.4339872044851463	0.2761217440057025	3.1578654604794414
hízelkedik	verb	15	-1.879	FALSE	2	28	9.666666666666666	2.268683541318364	0.6928448907553986	1.5758386505629651
hübrisz	noun	24	-0.863	FALSE	14	10	0.7333333333333333	-0.3101549283038396	-2.376967416427092	2.066812488123251
ideál	noun	31	-0.024	FALSE	0	23	24	3.1780538303479458	0.7293728019000268	2.4486810284479175
időszak	noun	48	1.939	FALSE	0	30	31	3.4339872044851463	0.05791114953446414	3.376076054950679
időszerű	adjective	38	0.764	FALSE	0	25	26	3.258096538021482	0.4275469692488959	2.830549568772584
ifjít	verb	5	-3.092	FALSE	20	16	0.8095238095238095	-0.2113090936672069	-1.2416212580520765	1.03031216438487
igaz	adjective	50	2.346	FALSE	0	35	36	3.58351893845611	0.09833758626980862	3.4851813521862978
igásjószág	noun	11	-2.393	FALSE	6	34	5	1.6094379124341003	0.2518098563423729	1.357628056091727
igény	noun	48	1.885	FALSE	0	28	29	3.367295829986474	-0.008780224964207987	3.376076054950679
illegális	adjective	44	1.425	FALSE	0	24	25	3.2188758248682006	0.06101036438875682	3.1578654604794414
illetődik	verb	13	-2.189	FALSE	0	30	31	3.4339872044851463	1.9672538511578	1.4667333533273461
impúrum	noun	5	-3.092	FALSE	24	3	0.16	-1.8325814637483102	-2.8628936281331803	1.03031216438487
imád	verb	36	0.508	FALSE	0	32	33	3.4965075614664802	0.7750632899295132	2.721444271536965
indulatú	adjective	29	-0.32	FALSE	3	32	8.25	2.1102132003465894	-0.22936253086571046	2.3395757312122982
infimum	noun	12	-2.339	FALSE	27	6	0.25	-1.3862943611198906	-2.798475065829428	1.4121807047095367
ingváll	noun	21	-1.276	FALSE	16	16	1	0	-1.9031545422698233	1.9031545422698222
ingyenbeteg	noun	2	-3.569	FALSE	16	21	1.2941176470588236	0.25782910930209985	-0.6088251092293411	0.8666542185314414
inhumánus	adjective	16	-1.784	FALSE	6	34	5	1.6094379124341003	-0.020953386746674893	1.6303912991807747
inspekcióz	verb	2	-3.569	FALSE	12	21	1.6923076923076923	0.5260930958967791	-0.3405611226346619	0.8666542185314414
interpretátor	noun	19	-1.452	FALSE	2	43	14.666666666666666	2.6855773452501515	0.8915281002159476	1.7940492450342032
intézmény	noun	50	2.199	FALSE	0	26	27	3.295836866004329	-0.18934448618197217	3.4851813521862978
ion	noun	33	0.155	FALSE	8	31	3.5555555555555554	1.2685113254635072	-1.289275000220031	2.5577863256835363
irracionalizmus	noun	22	-1.058	FALSE	2	39	13.333333333333334	2.5902671654458267	0.632559974558194	1.9577071908876318
irány	noun	43	1.373	FALSE	0	23	24	3.1780538303479458	0.0747410184863116	3.103312811861631
istenhozzád	noun	16	-1.821	FALSE	9	29	3	1.0986122886681098	-0.5317790105126654	1.6303912991807747
istenkedik	verb	13	-2.18	FALSE	2	31	10.666666666666666	2.367123614131617	0.9003902608042705	1.4667333533273461
istác	noun	6	-3.025	FALSE	24	4	0.2	-1.6094379124341003	-2.69430272543678	1.0848648130026795
iszlám	adjective	42	1.246	FALSE	1	29	15	2.70805020110221	-0.3407099621416144	3.0487601632438217
ivarsejt	noun	25	-0.732	FALSE	0	34	35	3.5553480614894135	1.433982924748352	2.12136513674106
jelez	verb	40	0.991	FALSE	0	27	28	3.332204510175204	0.39254964416699845	2.939654866008203
jog	noun	49	2.082	FALSE	1	33	17	2.833213344056216	-0.5974153595122755	3.4306287035684884
jogosult	noun	43	1.35	FALSE	0	29	30	3.4011973816621555	0.2978845698005213	3.103312811861631
jármű	noun	45	1.595	FALSE	0	28	29	3.367295829986474	0.15487772088922094	3.212418109097251
jégkárosult	noun	8	-2.791	FALSE	6	31	4.571428571428571	1.519825753744413	0.32585564350611457	1.1939701102382985
jóltart	verb	5	-3.092	FALSE	4	32	6.6	1.8870696490323797	0.8567574846475101	1.03031216438487
kabin	noun	35	0.416	FALSE	0	28	29	3.367295829986474	0.7004042070673167	2.6668916229191555
kalcium	noun	40	1.004	FALSE	5	33	5.666666666666667	1.7346010553881064	-1.205053810620099	2.939654866008203
kalligrafál	verb	4	-3.268	FALSE	11	21	1.8333333333333333	0.6061358035703155	-0.3696237121967446	0.9757595157670604
kalmárszellem	noun	17	-1.694	FALSE	13	26	1.9285714285714286	0.6567795363890705	-1.0281644114095143	1.6849439477985841
kampány	noun	44	1.444	FALSE	0	36	37	3.6109179126442243	0.4530524521647806	3.1578654604794414
kanalaz	verb	20	-1.325	FALSE	2	33	11.333333333333334	2.4277482359480516	0.579146342296038	1.8486018936520128
kandíroz	verb	4	-3.268	FALSE	5	32	5.5	1.7047480922384253	0.7289885764713652	0.9757595157670604
kap	verb	50	2.152	FALSE	1	32	16.5	2.803360380906535	-0.6818209712797664	3.4851813521862978
kapirgál	verb	22	-1.075	FALSE	0	32	33	3.4965075614664802	1.5388003705788473	1.9577071908876318
kapu	noun	43	1.358	FALSE	0	30	31	3.4339872044851463	0.3306743926235121	3.103312811861631
karakter	noun	44	1.43	FALSE	0	30	31	3.4339872044851463	0.2761217440057025	3.1578654604794414
karamboloz	verb	3	-3.393	FALSE	5	39	6.666666666666667	1.8971199848858813	0.9759131177366308	0.9212068671492509
kardorrú	adjective	10	-2.569	FALSE	3	35	9	2.1972245773362196	0.894149169862302	1.3030754074739175
karikáz	verb	12	-2.279	FALSE	2	37	12.666666666666666	2.538973871058276	1.1267931663487392	1.4121807047095367
katéterez	verb	9	-2.694	FALSE	3	32	8.25	2.1102132003465894	0.8616904414904814	1.248522758856108
kedvezmény	noun	44	1.495	FALSE	0	33	34	3.5263605246161616	0.3684950641367178	3.1578654604794414
kencéz	verb	2	-3.569	FALSE	6	17	2.5714285714285716	0.9444616088408515	0.07780739030941056	0.8666542185314414
kerekedik	verb	34	0.305	FALSE	1	27	14	2.6390573296152584	0.026718355313910612	2.6123389743013457
keresztyén	adjective	38	0.818	FALSE	5	26	4.5	1.5040773967762742	-1.326472171996312	2.830549568772584
keresztény	adjective	47	1.817	FALSE	0	25	26	3.258096538021482	-0.06342686831139019	3.3215234063328696
keserűgyökér	noun	9	-2.694	FALSE	1	32	16.5	2.803360380906535	1.554837622050427	1.248522758856108
keskeny	adjective	41	1.171	FALSE	0	26	27	3.295836866004329	0.3016293513783141	2.9942075146260123
keszon	noun	18	-1.565	FALSE	19	9	0.5	-0.6931471805599453	-2.4326437769763403	1.7394965964163935
kettősfém	noun	8	-2.756	FALSE	8	26	3	1.0986122886681098	-0.09535782157018871	1.1939701102382985
kiabál	verb	34	0.316	FALSE	0	34	35	3.5553480614894135	0.9430090871880658	2.6123389743013457
kibogarász	verb	1	-3.87	FALSE	2	33	11.333333333333334	2.4277482359480516	1.6156466660344202	0.8121015699136319
kihalász	verb	12	-2.257	FALSE	1	32	16.5	2.803360380906535	1.391179676196998	1.4121807047095367
kilogramm	noun	38	0.777	FALSE	0	32	33	3.4965075614664802	0.6659579926938941	2.830549568772584
kirugódik	verb	3	-3.393	FALSE	5	23	4	1.3862943611198906	0.46508749397064003	0.9212068671492509
király	noun	48	1.96	FALSE	0	42	43	3.7612001156935624	0.38512406074288025	3.376076054950679
kiskanál	noun	35	0.383	FALSE	0	33	34	3.5263605246161616	0.8594689016970041	2.6668916229191555
kislány	noun	44	1.415	FALSE	1	28	14.5	2.6741486494265287	-0.48371681105291503	3.1578654604794414
kispárlófű	noun	8	-2.756	FALSE	20	17	0.8571428571428571	-0.15415067982725836	-1.348120790065557	1.1939701102382985
kistányér	noun	23	-0.973	FALSE	0	37	38	3.6375861597263857	1.6253263202209434	2.0122598395054414
kisujj	noun	29	-0.286	FALSE	1	40	20.5	3.0204248861443626	0.6808491549320628	2.3395757312122982
kitin	noun	23	-0.946	FALSE	6	28	4.142857142857143	1.421385680931161	-0.5908741585742814	2.0122598395054414
kivitelez	verb	27	-0.488	FALSE	1	33	17	2.833213344056216	0.6027429100795355	2.230470433976679
klassz	adjective	39	0.92	FALSE	0	32	33	3.4965075614664802	0.6114053440760845	2.8851022173903935
kliens	noun	40	0.973	FALSE	1	39	20	2.995732273553991	0.05607740754578552	2.939654866008203
klozettpapír	noun	10	-2.49	FALSE	3	36	9.25	2.224623551524334	0.9215481440504164	1.3030754074739175
klímatérkép	noun	5	-3.092	FALSE	1	40	20.5	3.0204248861443626	1.9901127217594927	1.03031216438487
klór	noun	34	0.283	FALSE	3	26	6.75	1.9095425048844386	-0.7027964694169092	2.6123389743013457
koegzisztál	verb	8	-2.756	FALSE	20	13	0.6666666666666666	-0.40546510810816444	-1.599435218346463	1.1939701102382985
koenzim	noun	31	0.003	FALSE	9	24	2.5	0.9162907318741551	-1.532390296573764	2.4486810284479175
kollapszus	noun	22	-1.065	FALSE	26	19	0.7407407407407407	-0.30010459245033816	-2.257811783337971	1.9577071908876318
kollektivizál	verb	7	-2.829	FALSE	0	41	42	3.7376696182833684	2.5982521566628796	1.139417461620489
kollektív	adjective	43	1.338	FALSE	0	22	23	3.1354942159291497	0.03218140406751551	3.103312811861631
kolonizál	verb	14	-2.099	FALSE	9	26	2.7	0.9932517730102834	-0.5280342289348725	1.5212860019451555
kolosszális	adjective	29	-0.298	FALSE	2	33	11.333333333333334	2.4277482359480516	0.08817250473575167	2.3395757312122982
komoly	adjective	50	2.29	FALSE	1	30	15.5	2.740840023925201	-0.7443413282611003	3.4851813521862978
komolyodik	verb	26	-0.609	FALSE	1	34	17.5	2.8622008809294686	0.6862830955705975	2.1759177853588696
komplex	adjective	46	1.745	FALSE	1	29	15	2.70805020110221	-0.5589205566128529	3.26697075771506
komál	verb	14	-2.031	FALSE	8	30	3.4444444444444446	1.236762627148927	-0.28452337479622913	1.5212860019451555
kondenzcsík	noun	23	-1.009	FALSE	5	20	3.5	1.252762968495368	-0.7594968710100742	2.0122598395054414
konföderatív	adjective	20	-1.324	FALSE	8	25	2.888888888888889	1.0608719606852626	-0.787729932966751	1.8486018936520128
kongóvörös	adjective	8	-2.724	FALSE	10	22	2.090909090909091	0.7375989431307791	-0.4563711671075195	1.1939701102382985
kontinuáns	adjective	1	-3.87	FALSE	31	16	0.53125	-0.6325225587435105	-1.4446241286571417	0.8121015699136319
kontrapunkt	noun	17	-1.743	FALSE	31	15	0.5	-0.6931471805599453	-2.37809112835853	1.6849439477985841
konverzál	verb	6	-2.967	FALSE	13	33	2.4285714285714284	0.8873031950009027	-0.19756161800177652	1.0848648130026795
konzílium	noun	26	-0.597	FALSE	6	16	2.4285714285714284	0.8873031950009027	-1.2886145903579684	2.1759177853588696
kopp	noun	28	-0.43	FALSE	2	36	12.333333333333334	2.512305623976115	0.22728254138162454	2.285023082594489
kormányrúd	noun	25	-0.736	FALSE	1	35	18	2.8903717578961645	0.769006621155103	2.12136513674106
korog	verb	26	-0.628	FALSE	1	28	14.5	2.6741486494265287	0.49823086406765765	2.1759177853588696
korrektúrázik	verb	7	-2.916	FALSE	5	26	4.5	1.5040773967762742	0.3646599351557852	1.139417461620489
krakéler	noun	19	-1.411	FALSE	35	3	0.1111111111111111	-2.1972245773362196	-3.991273822370423	1.7940492450342032
kritikus	adjective	44	1.526	FALSE	0	30	31	3.4339872044851463	0.2761217440057025	3.1578654604794414
krém	noun	43	1.312	FALSE	0	31	32	3.4657359027997265	0.3624230909380924	3.103312811861631
kuktáskodik	verb	13	-2.122	FALSE	1	31	16	2.772588722239781	1.3058553689124348	1.4667333533273461
kulcscsont	noun	27	-0.536	FALSE	1	28	14.5	2.6741486494265287	0.44367821544984803	2.230470433976679
kulináris	adjective	37	0.6	FALSE	6	22	3.2857142857142856	1.1895840668738364	-1.58641285328094	2.7759969201547747
kultúrállam	noun	16	-1.829	FALSE	4	24	5	1.6094379124341003	-0.020953386746674893	1.6303912991807747
kunkorít	verb	5	-3.092	FALSE	3	29	7.5	2.0149030205422647	0.9845908561573951	1.03031216438487
kurtít	verb	12	-2.237	FALSE	7	20	2.625	0.965080896043587	-0.4470998086659499	1.4121807047095367
kurzivál	verb	5	-3.092	FALSE	28	11	0.41379310344827586	-0.8823891801984737	-1.9127013445833434	1.03031216438487
kurzív	adjective	25	-0.736	FALSE	13	18	1.3571428571428572	0.3053816495511819	-1.8159834871898797	2.12136513674106
kvártélyoz	verb	2	-3.569	FALSE	7	26	3.375	1.2163953243244932	0.3497411057930522	0.8666542185314414
kvéker	adjective	17	-1.672	FALSE	22	15	0.6956521739130435	-0.3629054936893685	-2.0478494414879536	1.6849439477985841
káder	noun	26	-0.593	FALSE	14	17	1.2	0.1823215567939546	-1.9935962285649165	2.1759177853588696
káinbélyeg	noun	3	-3.393	FALSE	21	11	0.5454545454545454	-0.6061358035703156	-1.5273426707195663	0.9212068671492509
kán	noun	34	0.248	FALSE	4	22	4.6	1.5260563034950492	-1.0862826708062985	2.6123389743013457
kárpit	noun	33	0.194	FALSE	1	32	16.5	2.803360380906535	0.2455740552229966	2.5577863256835363
kárörvend	verb	18	-1.603	FALSE	1	29	15	2.70805020110221	0.96855360468581575	1.7394965964163935
kékellik	verb	14	-2.092	FALSE	10	24	2.272727272727273	0.8209805520698303	-0.7003054498753256	1.5212860019451555
kékít	verb	9	-2.591	FALSE	1	31	16	2.772588722239781	1.5240659633836733	1.248522758856108
kép	noun	50	2.152	FALSE	0	33	34	3.5263605246161616	0.04117917242986028	3.4851813521862978
kér	verb	44	1.48	FALSE	0	31	32	3.4657359027997265	0.30787044232028277	3.1578654604794414
késik	verb	38	0.737	FALSE	0	29	30	3.4011973816621555	0.5706478128895693	2.830549568772584
kész	adjective	47	1.833	FALSE	0	35	36	3.58351893845611	0.26199553212323756	3.3215234063328696
készülék	noun	48	1.925	FALSE	0	21	22	3.091042453358316	-0.28503360159236607	3.376076054950679
kétvonalú	adjective	6	-3.025	FALSE	1	42	21.5	3.068052935133617	1.9831881221309378	1.0848648130026795
kétágú	adjective	27	-0.49	FALSE	2	23	8	2.0794415416798357	-0.15102889229684494	2.230470433976679
kéz	noun	43	1.373	FALSE	1	34	17.5	2.8622008809294686	-0.2411119309321656	3.103312811861631
kócol	verb	11	-2.439	FALSE	0	27	28	3.332204510175204	1.9745764540834765	1.357628056091727
kóser	adjective	33	0.207	FALSE	0	26	27	3.295836866004329	0.738050540320791	2.5577863256835363
kölcsönöz	verb	39	0.897	FALSE	0	31	32	3.4657359027997265	0.5806336854093308	2.8851022173903935
kölönc	noun	14	-1.995	FALSE	25	13	0.5384615384615384	-0.6190392084062235	-2.14032521035138	1.5212860019451555
köménymag	noun	30	-0.164	FALSE	0	39	40	3.6888794541139363	1.2947510742838269	2.394128379830108
könnyelmű	adjective	32	0.019	FALSE	0	27	28	3.332204510175204	0.8289708331094752	2.503233677065727
könyvtár	noun	45	1.564	FALSE	0	36	37	3.6109179126442243	0.3984998035469711	3.212418109097251
köpdös	verb	14	-2.071	FALSE	0	36	37	3.6109179126442243	2.0896319106990684	1.5212860019451555
környezetvédelem	noun	41	1.07	FALSE	0	34	35	3.5553480614894135	0.5611405468633985	2.9942075146260123
körvonalazódik	verb	33	0.232	FALSE	1	29	15	2.70805020110221	0.15026387541867184	2.5577863256835363
köszörűsműhely	noun	2	-3.569	FALSE	3	38	9.75	2.277267285009756	1.410613066478315	0.8666542185314414
kötődik	verb	41	1.137	FALSE	0	29	30	3.4011973816621555	0.40698986703614043	2.9942075146260123
közhely	noun	35	0.426	FALSE	0	30	31	3.4339872044851463	0.7670955815659888	2.6668916229191555
közöny	noun	33	0.222	FALSE	0	38	39	3.6635616461296463	1.1057753204461083	2.5577863256835363
kúpol	verb	15	-1.906	FALSE	15	23	1.5	0.4054651081081644	-1.1703735424548012	1.5758386505629651
küld	verb	43	1.411	FALSE	1	31	16	2.772588722239781	-0.330724089621853	3.103312811861631
különbözik	verb	42	1.256	FALSE	1	37	19	2.9444389791664403	-0.10432118407738422	3.0487601632438217
különszakasz	noun	3	-3.393	FALSE	7	26	3.375	1.2163953243244932	0.2951884571752426	0.9212068671492509
lakotthely	noun	10	-2.472	FALSE	9	28	2.9	1.0647107369924282	-0.23836467048148938	1.3030754074739175
lalláz	verb	4	-3.268	FALSE	26	8	0.3333333333333333	-1.0986122886681098	-2.07437180443517	0.9757595157670604
lapockacsont	noun	18	-1.53	FALSE	1	30	15.5	2.740840023925201	1.0013434275088067	1.7394965964163935
lazúroz	verb	2	-3.569	FALSE	14	19	1.3333333333333333	0.28768207245178085	-0.5789721460796602	0.8666542185314414
lebeg	verb	38	0.717	FALSE	1	27	14	2.6390573296152584	-0.1914922391573278	2.830549568772584
lejmol	verb	14	-2.031	FALSE	14	19	1.3333333333333333	0.28768207245178085	-1.2336039294933752	1.5212860019451555
lendít	verb	29	-0.333	FALSE	0	34	35	3.5553480614894135	1.2157723302771137	2.3395757312122982
lepadlózik	verb	8	-2.724	FALSE	4	34	7	1.9459101490553132	0.7519400388170148	1.1939701102382985
levélnehezék	noun	17	-1.718	FALSE	2	30	10.333333333333334	2.3353749158170367	0.650430968018452	1.6849439477985841
lexikológus	noun	6	-2.967	FALSE	6	27	4	1.3862943611198906	0.3014295481172113	1.0848648130026795
leér	verb	30	-0.214	FALSE	0	45	46	3.828641396489095	1.4345130166589857	2.394128379830108
libling	noun	15	-1.946	FALSE	23	18	0.7916666666666666	-0.2336148511815052	-1.8094535017444706	1.5758386505629651
lik	noun	33	0.236	FALSE	13	15	1.1428571428571428	0.13353139262452257	-2.4242549330590157	2.5577863256835363
lomb	noun	32	0.122	FALSE	1	29	15	2.70805020110221	0.2048165240364814	2.503233677065727
luftballon	noun	16	-1.821	FALSE	3	33	8.5	2.1400661634962708	0.5096748643154956	1.6303912991807747
lukaszt	verb	9	-2.591	FALSE	5	25	4.333333333333333	1.466337068793427	0.2178143099373189	1.248522758856108
lumpenproletariátus	noun	16	-1.845	FALSE	23	8	0.375	-0.9808292530117262	-2.611220552192502	1.6303912991807747
lágyék	noun	26	-0.685	FALSE	3	34	8.75	2.169053700369523	-0.006864084989347933	2.1759177853588696
lánc	noun	40	1.038	FALSE	1	33	17	2.833213344056216	-0.10644152195198917	2.939654866008203
látszik	verb	49	2.055	FALSE	1	24	12.5	2.5257286443082556	-0.9049000592602361	3.4306287035684884
látvány	noun	43	1.38	FALSE	0	39	40	3.6888794541139363	0.5855666422523021	3.103312811861631
léghajózik	verb	5	-3.092	FALSE	2	42	14.333333333333334	2.662587827025453	1.6322756626405832	1.03031216438487
légijármű	noun	32	0.067	FALSE	1	29	15	2.70805020110221	0.2048165240364814	2.503233677065727
léháskodik	verb	4	-3.268	FALSE	9	13	1.4	0.3364722366212129	-0.6392872791458472	0.9757595157670604
lélek	noun	46	1.694	FALSE	0	29	30	3.4011973816621555	0.13422662394709248	3.26697075771506
lényeg	noun	47	1.844	FALSE	0	30	31	3.4339872044851463	0.11246379815227395	3.3215234063328696
lépdegél	verb	11	-2.393	FALSE	10	22	2.090909090909091	0.7375989431307791	-0.6200291129609483	1.357628056091727
lépték	noun	33	0.16	FALSE	2	31	10.666666666666666	2.367123614131617	-0.19066271155192124	2.5577863256835363
létesítmény	noun	44	1.424	FALSE	0	20	21	3.044522437723423	-0.11334302275602073	3.1578654604794414
lícium	noun	20	-1.38	FALSE	5	28	4.833333333333333	1.575536360758419	-0.27306553289359464	1.8486018936520128
madársisak	noun	21	-1.216	FALSE	7	32	4.125	1.4170660197866443	-0.4860885224831789	1.9031545422698222
magmatit	noun	9	-2.666	FALSE	15	12	0.8125	-0.2076393647782445	-1.4561621236343523	1.248522758856108
magnezit	noun	21	-1.207	FALSE	4	28	5.8	1.7578579175523736	-0.14529662471744953	1.9031545422698222
magánnyugdíj	noun	28	-0.405	FALSE	3	30	7.75	2.0476928433652555	-0.2373302392292348	2.285023082594489
majom	noun	37	0.651	FALSE	0	34	35	3.5553480614894135	0.7793511413346369	2.7759969201547747
makranc	noun	6	-3.025	FALSE	8	31	3.5555555555555554	1.2685113254635072	0.18364651246082797	1.0848648130026795
marcangol	verb	22	-1.169	FALSE	1	29	15	2.70805020110221	0.7503430102145774	1.9577071908876318
marketing	noun	46	1.732	FALSE	0	38	39	3.6635616461296463	0.3965908884145833	3.26697075771506
martalóc	noun	23	-1.017	FALSE	10	22	2.090909090909091	0.7375989431307791	-1.2746608963746633	2.0122598395054414
mater	noun	28	-0.43	FALSE	16	20	1.2352941176470589	0.21130909366720696	-2.0737139889272838	2.285023082594489
megalitikus	adjective	26	-0.696	FALSE	17	18	1.0555555555555556	0.05406722127027579	-2.1218505640885956	2.1759177853588696
megfogózik	verb	3	-3.393	FALSE	4	27	5.6	1.7227665977411035	0.801559730591853	0.9212068671492509
megrohad	verb	22	-1.167	FALSE	0	35	36	3.58351893845611	1.625811747568477	1.9577071908876318
megy	verb	50	2.251	FALSE	0	29	30	3.4011973816621555	-0.08398397052414583	3.4851813521862978
megállóhely	noun	33	0.174	FALSE	0	37	38	3.6375861597263857	1.0797998340428476	2.5577863256835363
meleglaboratórium	noun	6	-2.967	FALSE	11	33	2.8333333333333335	1.0414538748281612	-0.04341093817451803	1.0848648130026795
mellényzseb	noun	15	-1.973	FALSE	3	34	8.75	2.169053700369523	0.5932150498065576	1.5758386505629651
merítőkanál	noun	15	-1.921	FALSE	1	36	18.5	2.917770732084279	1.3419320815213134	1.5758386505629651
meztelenkedik	verb	24	-0.893	FALSE	0	42	43	3.7612001156935624	1.6943876275703105	2.066812488123251
mikrorendszer	noun	20	-1.397	FALSE	1	36	18.5	2.917770732084279	1.0691688384322653	1.8486018936520128
mimézis	noun	22	-1.054	FALSE	17	7	0.4444444444444444	-0.8109302162163288	-2.7686374071039617	1.9577071908876318
minimálbér	noun	41	1.095	FALSE	0	26	27	3.295836866004329	0.3016293513783141	2.9942075146260123
misztérium	noun	33	0.139	FALSE	4	35	7.2	1.9740810260220096	-0.5837052996615285	2.5577863256835363
mobil	adjective	45	1.634	FALSE	0	26	27	3.295836866004329	0.08341875690707592	3.212418109097251
moderátor	noun	36	0.557	FALSE	2	26	9	2.1972245773362196	-0.5242196942007474	2.721444271536965
mokkáskanál	noun	32	0.038	FALSE	1	24	12.5	2.5257286443082556	0.022494967242526955	2.503233677065727
mond	verb	46	1.679	FALSE	0	39	40	3.6888794541139363	0.42190869639887324	3.26697075771506
monetarizmus	noun	21	-1.213	FALSE	6	12	1.8571428571428572	0.6190392084062235	-1.2841153338635998	1.9031545422698222
monogenetikus	adjective	16	-1.813	FALSE	5	25	4.333333333333333	1.466337068793427	-0.1640542303873482	1.6303912991807747
mozgalom	noun	43	1.382	FALSE	0	28	29	3.367295829986474	0.26398301812484	3.103312811861631
multinacionális	adjective	40	0.982	FALSE	0	22	23	3.1354942159291497	0.19583934992094434	2.939654866008203
multiplikatív	adjective	25	-0.804	FALSE	11	27	2.3333333333333335	0.8472978603872037	-1.2740672763538579	2.12136513674106
multiregionális	adjective	15	-1.946	FALSE	3	33	8.5	2.1400661634962708	0.5642275129333052	1.5758386505629651
munkálkodik	verb	35	0.449	FALSE	0	33	34	3.5263605246161616	0.8594689016970041	2.6668916229191555
mér	verb	37	0.704	FALSE	2	39	13.333333333333334	2.5902671654458267	-0.18572975470894992	2.7759969201547747
mérgesít	verb	15	-1.984	FALSE	1	47	24	3.1780538303479458	1.6022151797849802	1.5758386505629651
mérsékelődik	verb	9	-2.591	FALSE	2	27	9.333333333333334	2.2335922215070942	0.9850694626509862	1.248522758856108
mítosz	noun	37	0.619	FALSE	0	29	30	3.4011973816621555	0.6252004615073788	2.7759969201547747
mód	noun	46	1.749	FALSE	2	34	11.666666666666666	2.456735772821304	-0.810234984893759	3.26697075771506
módszer	noun	47	1.848	FALSE	0	34	35	3.5553480614894135	0.2338246551565412	3.3215234063328696
móringol	verb	6	-2.967	FALSE	30	5	0.1935483870967742	-1.6422277352570913	-2.7270925482597708	1.0848648130026795
műt	verb	23	-0.938	FALSE	1	40	20.5	3.0204248861443626	1.0081650466389203	2.0122598395054414
nagy	adjective	50	3.145	FALSE	1	19	10	2.302585092994046	-1.1825962591922554	3.4851813521862978
nagybeteg	noun	29	-0.276	FALSE	2	31	10.666666666666666	2.367123614131617	0.027547882919317097	2.3395757312122982
nagydíj	noun	30	-0.12	FALSE	1	29	15	2.70805020110221	0.3139218212721006	2.394128379830108
nagyfejedelem	noun	28	-0.424	FALSE	0	40	41	3.713572066704308	1.4285489841098178	2.285023082594489
nagyméretű	adjective	42	1.183	FALSE	1	26	13.5	2.6026896854443837	-0.44607047779944076	3.0487601632438217
nagyoll	verb	11	-2.408	FALSE	23	17	0.75	-0.2876820724517809	-1.645310128543508	1.357628056091727
nagyszámú	adjective	39	0.902	FALSE	0	18	19	2.9444389791664403	0.05933676177604449	2.8851022173903935
naiv	adjective	39	0.89	FALSE	2	23	8	2.0794415416798357	-0.80566067571056	2.8851022173903935
napkollektor	noun	34	0.312	FALSE	2	28	9.666666666666666	2.268683541318364	-0.3436554329829837	2.6123389743013457
naptár	noun	39	0.927	FALSE	0	34	35	3.5553480614894135	0.6702458440990178	2.8851022173903935
nehéz	adjective	50	2.355	FALSE	2	35	12	2.4849066497880004	-1.000274702398301	3.4851813521862978
nehézsúly	noun	23	-0.97	FALSE	0	22	23	3.1354942159291497	1.1232343764237074	2.0122598395054414
nek	noun	42	1.291	FALSE	26	3	0.14814814814814814	-1.9095425048844386	-4.958302668128263	3.0487601632438217
nemesbít	verb	3	-3.393	FALSE	6	30	4.428571428571429	1.488077055429833	0.5668701882805826	0.9212068671492509
neon	noun	33	0.125	FALSE	2	33	11.333333333333334	2.4277482359480516	-0.13003808973548667	2.5577863256835363
neoprén	noun	31	-0.057	FALSE	9	21	2.2	0.7884573603642703	-1.6602236680836489	2.4486810284479175
nimbus	adjective	8	-2.756	FALSE	5	28	4.833333333333333	1.575536360758419	0.38156625052012044	1.1939701102382985
nincs	verb	50	2.926	FALSE	0	34	35	3.5553480614894135	0.07016670930311222	3.4851813521862978
nomináljövedelem	noun	12	-2.29	FALSE	15	19	1.25	0.22314355131420976	-1.1890371533953272	1.4121807047095367
nukleon	noun	21	-1.266	FALSE	4	26	5.4	1.6863989535702288	-0.21675558869959433	1.9031545422698222
nyakörv	noun	32	0.093	FALSE	1	29	15	2.70805020110221	0.2048165240364814	2.503233677065727
nyelv	noun	49	2.018	FALSE	0	33	34	3.5263605246161616	0.09573182104766986	3.4306287035684884
nyelvcsap	noun	21	-1.237	FALSE	0	33	34	3.5263605246161616	1.6232059823463383	1.9031545422698222
nyelvű	adjective	47	1.811	FALSE	0	30	31	3.4339872044851463	0.11246379815227395	3.3215234063328696
nyeregheveder	noun	2	-3.569	FALSE	4	33	6.8	1.916922612182061	1.05026839365062	0.8666542185314414
nyersarany	noun	10	-2.548	FALSE	4	38	7.8	2.0541237336955462	0.7510483262216286	1.3030754074739175
nyersmodorú	adjective	8	-2.791	FALSE	1	30	15.5	2.740840023925201	1.5468699136869024	1.1939701102382985
nyerít	verb	23	-0.974	FALSE	1	37	19	2.9444389791664403	0.932179139660998	2.0122598395054414
nyálasszájú	adjective	14	-2.071	FALSE	5	31	5.333333333333333	1.6739764335716716	0.15269043162651555	1.5212860019451555
nyújt	verb	49	2.088	FALSE	0	41	42	3.7376696182833684	0.30704091471487666	3.4306287035684884
nyüvök	noun	2	-3.569	FALSE	26	15	0.5925925925925926	-0.5232481437645479	-1.389902362295989	0.8666542185314414
nyüzsgölődik	verb	4	-3.268	FALSE	2	38	13	2.5649493574615367	1.5891898416944767	0.9757595157670604
nyűvődik	verb	3	-3.393	FALSE	7	27	3.5	1.252762968495368	0.3315561013461175	0.9212068671492509
nárcisz	noun	29	-0.25	FALSE	1	26	13.5	2.6026896854443837	0.26311395423208384	2.3395757312122982
népszerű	adjective	47	1.814	FALSE	2	25	8.666666666666666	2.159484249353372	-1.1620391569795	3.3215234063328696
név	noun	48	1.981	FALSE	0	28	29	3.367295829986474	-0.008780224964207987	3.376076054950679
oikosz	adjective	12	-2.247	FALSE	13	12	0.9285714285714286	-0.07410797215372185	-1.4862886768632586	1.4121807047095367
oktalankodik	verb	2	-3.569	FALSE	3	45	11.5	2.4423470353692043	1.5756928168377633	0.8666542185314414
olaj	noun	45	1.54	FALSE	1	27	14	2.6390573296152584	-0.5733607794819947	3.212418109097251
oldalszél	noun	26	-0.669	FALSE	0	32	33	3.4965075614664802	1.320589776107609	2.1759177853588696
olvad	verb	36	0.546	FALSE	0	30	31	3.4339872044851463	0.7125429329481793	2.721444271536965
onogur	adjective	25	-0.778	FALSE	27	3	0.14285714285714285	-1.9459101490553135	-4.0672752857963745	2.12136513674106
optimális	adjective	45	1.571	FALSE	3	36	9.25	2.224623551524334	-0.9877945575729191	3.212418109097251
organizál	verb	13	-2.122	FALSE	2	33	11.333333333333334	2.4277482359480516	0.9610148826207051	1.4667333533273461
orientál	verb	23	-1.018	FALSE	4	34	7	1.9459101490553132	-0.06634969045012909	2.0122598395054414
orr	noun	40	0.982	FALSE	1	32	16.5	2.803360380906535	-0.1362944851016705	2.939654866008203
orront	verb	14	-2.057	FALSE	23	9	0.4166666666666667	-0.8754687373538999	-2.396754739299056	1.5212860019451555
ország	noun	50	2.431	FALSE	0	29	30	3.4011973816621555	-0.08398397052414583	3.4851813521862978
orális	adjective	36	0.569	FALSE	1	20	10.5	2.3513752571634776	-0.37006901437348944	2.721444271536965
oszcillál	verb	22	-1.117	FALSE	9	20	2.1	0.7419373447293773	-1.2157698461582553	1.9577071908876318
osztozik	verb	35	0.364	FALSE	0	34	35	3.5553480614894135	0.888456438570256	2.6668916229191555
ozonizátor	noun	15	-1.941	FALSE	19	6	0.35	-1.0498221244986778	-2.6256607750616436	1.5758386505629651
pallérozódik	verb	21	-1.285	FALSE	12	27	2.1538461538461537	0.7672551527136672	-1.1358993895561562	1.9031545422698222
paláver	noun	17	-1.706	FALSE	22	13	0.6086956521739131	-0.496436886313891	-2.1813808341124754	1.6849439477985841
pamacsol	verb	10	-2.49	FALSE	2	37	12.666666666666666	2.538973871058276	1.2358984635843586	1.3030754074739175
parmezán	noun	33	0.134	FALSE	4	31	6.4	1.8562979903656263	-0.7014883353179119	2.5577863256835363
pauzál	verb	5	-3.092	FALSE	12	28	2.230769230769231	0.8023464725249373	-0.22796569185993226	1.03031216438487
pemetefű	noun	23	-1.051	FALSE	6	16	2.4285714285714284	0.8873031950009027	-1.1249566445045396	2.0122598395054414
pentatonikus	adjective	17	-1.706	FALSE	7	21	2.75	1.0116009116784799	-0.6733430361201048	1.6849439477985841
pereg	verb	32	0.061	FALSE	1	34	17.5	2.8622008809294686	0.35896720386373987	2.503233677065727
perifrázis	noun	8	-2.724	FALSE	21	19	0.9090909090909091	-0.0953101798043249	-1.2892802900426232	1.1939701102382985
periodogram	noun	4	-3.268	FALSE	24	9	0.4	-0.916290731874155	-1.892050247641215	0.9757595157670604
petél	verb	5	-3.092	FALSE	31	15	0.5	-0.6931471805599453	-1.723459344944815	1.03031216438487
piktogram	noun	29	-0.278	FALSE	1	31	16	2.772588722239781	0.43301299102748125	2.3395757312122982
pilinckézik	verb	3	-3.393	FALSE	25	3	0.15384615384615385	-1.8718021769015913	-2.7930090440508426	0.9212068671492509
piláf	noun	21	-1.262	FALSE	21	7	0.36363636363636365	-1.0116009116784799	-2.9147554539483034	1.9031545422698222
piszkosodik	verb	10	-2.528	FALSE	2	34	11.666666666666666	2.456735772821304	1.1536603653473865	1.3030754074739175
pitiáner	adjective	31	-0.054	FALSE	6	26	3.857142857142857	1.349926716949016	-1.0987543114989031	2.4486810284479175
plusz	adjective	47	1.876	FALSE	1	30	15.5	2.740840023925201	-0.5806833824076714	3.3215234063328696
pogány	adjective	39	0.881	FALSE	1	20	10.5	2.3513752571634776	-0.5337269602269181	2.8851022173903935
pohár	noun	43	1.388	FALSE	0	32	33	3.4965075614664802	0.39319474960484607	3.103312811861631
pohárszék	noun	20	-1.364	FALSE	2	18	6.333333333333333	1.8458266904983307	-0.002775203153682876	1.8486018936520128
polcol	verb	4	-3.268	FALSE	3	28	7.25	1.9810014688665833	1.0052419530995234	0.9757595157670604
polipropilén	noun	31	-0.098	FALSE	4	25	5.2	1.6486586255873816	-0.8000224028605373	2.4486810284479175
politúroz	verb	6	-3.025	FALSE	19	17	0.9	-0.10536051565782628	-1.1902253286605056	1.0848648130026795
portalanít	verb	13	-2.18	FALSE	0	29	30	3.4011973816621555	1.9344640283348091	1.4667333533273461
preklasszikus	adjective	20	-1.292	FALSE	9	25	2.6	0.9555114450274363	-0.8930904486245773	1.8486018936520128
presbitérium	noun	31	-0.043	FALSE	6	28	4.142857142857143	1.421385680931161	-1.027295347516758	2.4486810284479175
producer	noun	39	0.884	FALSE	1	33	17	2.833213344056216	-0.0518888733341796	2.8851022173903935
profit	noun	39	0.862	FALSE	0	29	30	3.4011973816621555	0.5160951642717597	2.8851022173903935
proszcénium	noun	17	-1.669	FALSE	28	10	0.3793103448275862	-0.9694005571881036	-2.6543445049866885	1.6849439477985841
prémez	verb	1	-3.87	FALSE	4	23	4.8	1.5686159179138452	0.7565143480002139	0.8121015699136319
puritán	adjective	35	0.459	FALSE	4	27	5.6	1.7227665977411035	-0.944125025178054	2.6668916229191555
pár	noun	42	1.274	FALSE	1	31	16	2.772588722239781	-0.27617144100404334	3.0487601632438217
párnásszék	noun	1	-3.87	FALSE	6	33	4.857142857142857	1.580450375560848	0.7683488056472167	0.8121015699136319
párt	noun	47	1.872	FALSE	2	33	11.333333333333334	2.4277482359480516	-0.8937751703848207	3.3215234063328696
pártol	verb	25	-0.718	FALSE	1	38	19.5	2.970414465569701	0.8490493288286394	2.12136513674106
példakép	noun	34	0.329	FALSE	0	31	32	3.4657359027997265	0.8533969284983788	2.6123389743013457
pénzösszeg	noun	34	0.31	FALSE	0	35	36	3.58351893845611	0.9711799641547623	2.6123389743013457
pók	noun	35	0.405	FALSE	0	31	32	3.4657359027997265	0.798844279880569	2.6668916229191555
pólyáz	verb	1	-3.87	FALSE	1	35	18	2.8903717578961645	2.078270187982533	0.8121015699136319
pörkölődik	verb	18	-1.637	FALSE	0	36	37	3.6109179126442243	1.8714213162278301	1.7394965964163935
püffeszt	verb	1	-3.87	FALSE	10	31	2.909090909090909	1.067840630001356	0.2557390600877247	0.8121015699136319
radikális	adjective	42	1.227	FALSE	1	26	13.5	2.6026896854443837	-0.44607047779944076	3.0487601632438217
rajcsúroz	verb	3	-3.393	FALSE	20	16	0.8095238095238095	-0.2113090936672069	-1.1325159608164574	0.9212068671492509
rajzolódik	verb	35	0.38	FALSE	0	34	35	3.5553480614894135	0.888456438570256	2.6668916229191555
rajzolótű	noun	1	-3.87	FALSE	3	24	6.25	1.8325814637483102	1.0204798938346789	0.8121015699136319
rak	verb	36	0.573	FALSE	0	35	36	3.58351893845611	0.8620746669191429	2.721444271536965
rakódik	verb	32	0.094	FALSE	2	35	12	2.4849066497880004	-0.0183270272777283	2.503233677065727
ravataloz	verb	13	-2.198	FALSE	1	29	15	2.70805020110221	1.2413168477748637	1.4667333533273461
reagál	verb	42	1.189	FALSE	1	39	20	2.995732273553991	-0.05302788968983362	3.0487601632438217
referál	verb	28	-0.432	FALSE	3	26	6.75	1.9095425048844386	-0.3754805777100517	2.285023082594489
reform	noun	39	0.936	FALSE	5	32	5.5	1.7047480922384253	-1.1803541251519705	2.8851022173903935
református	adjective	45	1.55	FALSE	2	34	11.666666666666666	2.456735772821304	-0.7556823362759492	3.212418109097251
rejtőzik	verb	37	0.612	FALSE	0	32	33	3.4965075614664802	0.7205106413117036	2.7759969201547747
rekvizit	noun	15	-1.973	FALSE	25	13	0.5384615384615384	-0.6190392084062235	-2.1948778589691895	1.5758386505629651
remekmű	noun	35	0.388	FALSE	0	26	27	3.295836866004329	0.6289452430851716	2.6668916229191555
remény	noun	42	1.266	FALSE	0	39	40	3.6888794541139363	0.6401192908701118	3.0487601632438217
rendezvény	noun	47	1.826	FALSE	0	35	36	3.58351893845611	0.26199553212323756	3.3215234063328696
rengeteg	noun	12	-2.268	FALSE	2	36	12.333333333333334	2.512305623976115	1.1001249192665778	1.4121807047095367
repedtfazék	noun	17	-1.712	FALSE	2	35	12	2.4849066497880004	0.7999627019894157	1.6849439477985841
reprezentatív	adjective	41	1.074	FALSE	0	21	22	3.091042453358316	0.09683493873230103	2.9942075146260123
repülőgép	noun	41	1.063	FALSE	2	29	10	2.302585092994046	-0.6916224216319691	2.9942075146260123
revelatív	adjective	25	-0.785	FALSE	22	17	0.782608695652174	-0.24512245803298496	-2.3664875947740467	2.12136513674106
rezervál	verb	10	-2.49	FALSE	3	33	8.5	2.1400661634962708	0.8369907560223532	1.3030754074739175
rivaldafény	noun	24	-0.855	FALSE	0	29	30	3.4011973816621555	1.3343848935389035	2.066812488123251
rock	noun	42	1.287	FALSE	2	25	8.666666666666666	2.159484249353372	-0.8892759138904524	3.0487601632438217
rojtoz	verb	4	-3.268	FALSE	7	30	3.875	1.3545456628053103	0.3787861470382502	0.9757595157670604
rom	noun	38	0.75	FALSE	3	32	8.25	2.1102132003465894	-0.7203363684259967	2.830549568772584
rosszlelkű	adjective	16	-1.817	FALSE	0	47	48	3.871201010907891	2.240809711727116	1.6303912991807747
rotor	noun	31	-0.054	FALSE	9	19	2	0.6931471805599453	-1.7555338478879736	2.4486810284479175
rubinvörös	adjective	24	-0.839	FALSE	1	37	19	2.9444389791664403	0.8776264910431884	2.066812488123251
rucaöröm	noun	22	-1.164	FALSE	20	9	0.47619047619047616	-0.7419373447293773	-2.6996445356170105	1.9577071908876318
ruharongy	noun	2	-3.569	FALSE	2	32	11	2.3978952727983707	1.5312410542669297	0.8666542185314414
rák	noun	41	1.13	FALSE	0	34	35	3.5553480614894135	0.5611405468633985	2.9942075146260123
rámáz	verb	4	-3.171	FALSE	19	20	1.05	0.04879016416943205	-0.9269693515976279	0.9757595157670604
ráncosít	verb	15	-1.897	FALSE	0	31	32	3.4657359027997265	1.889897252236761	1.5758386505629651
régész	noun	36	0.538	FALSE	1	37	19	2.9444389791664403	0.2229947076294732	2.721444271536965
rész	noun	49	2.115	FALSE	1	23	12	2.4849066497880004	-0.9457220537804913	3.4306287035684884
részeg	adjective	38	0.778	FALSE	0	37	38	3.6375861597263857	0.8070365909537995	2.830549568772584
részletez	verb	24	-0.852	FALSE	0	33	34	3.5263605246161616	1.4595480364929097	2.066812488123251
réteg	noun	44	1.498	FALSE	0	30	31	3.4339872044851463	0.2761217440057025	3.1578654604794414
rövid	adjective	50	2.339	FALSE	1	25	13	2.5649493574615367	-0.9202319947247645	3.4851813521862978
rücsök	noun	15	-1.879	FALSE	7	26	3.375	1.2163953243244932	-0.35944332623847247	1.5758386505629651
sallárium	noun	5	-3.092	FALSE	23	8	0.375	-0.9808292530117262	-2.011141417396596	1.03031216438487
sampon	noun	36	0.509	FALSE	0	26	27	3.295836866004329	0.5743925944673621	2.721444271536965
selypít	verb	19	-1.452	FALSE	3	37	9.5	2.2512917986064953	0.4572425535722913	1.7940492450342032
sematizmus	noun	23	-0.979	FALSE	6	23	3.4285714285714284	1.2321436812926323	-0.78011615821281	2.0122598395054414
senyveszt	verb	10	-2.569	FALSE	15	26	1.6875	0.5232481437645479	-0.7798272637093696	1.3030754074739175
sifon	noun	21	-1.266	FALSE	9	23	2.4	0.8754687373538999	-1.0276858049159234	1.9031545422698222
siker	noun	46	1.682	FALSE	0	28	29	3.367295829986474	0.10032507227141116	3.26697075771506
silabizál	verb	12	-2.326	FALSE	6	35	5.142857142857143	1.6376087894007967	0.2254280846912598	1.4121807047095367
skrupulizál	verb	6	-2.967	FALSE	31	3	0.125	-2.0794415416798357	-3.1643063546825148	1.0848648130026795
skubizik	verb	4	-3.171	FALSE	5	20	3.5	1.252762968495368	0.27700345272830795	0.9757595157670604
slendrián	adjective	25	-0.716	FALSE	21	7	0.36363636363636365	-1.0116009116784799	-3.1329660484195414	2.12136513674106
sokoldalú	adjective	41	1.17	FALSE	1	36	18.5	2.917770732084279	-0.07643678254173608	2.9942075146260123
spanyol	adjective	46	1.728	FALSE	0	24	25	3.2188758248682006	-0.04809493284686243	3.26697075771506
speciális	adjective	49	2.083	FALSE	1	25	13	2.5649493574615367	-0.865679346106955	3.4306287035684884
spiritualizál	verb	4	-3.268	FALSE	0	42	43	3.7612001156935624	2.785440599926502	0.9757595157670604
sporthorgász	noun	24	-0.907	FALSE	1	27	14	2.6390573296152584	0.5722448414920065	2.066812488123251
standardizál	verb	9	-2.615	FALSE	5	31	5.333333333333333	1.6739764335716716	0.4254536747155635	1.248522758856108
striguláz	verb	9	-2.615	FALSE	3	35	9	2.1972245773362196	0.9487018184801115	1.248522758856108
stádium	noun	31	-0.004	FALSE	1	33	17	2.833213344056216	0.3845323156082971	2.4486810284479175
stósz	noun	19	-1.423	FALSE	23	9	0.4166666666666667	-0.8754687373538999	-2.669517982388104	1.7940492450342032
sugár	noun	35	0.422	FALSE	0	31	32	3.4657359027997265	0.798844279880569	2.6668916229191555
svábtök	adjective	1	-3.87	FALSE	6	26	3.857142857142857	1.349926716949016	0.5378251470353845	0.8121015699136319
szabadjegy	noun	19	-1.479	FALSE	0	32	33	3.4965075614664802	1.7024583164322764	1.7940492450342032
szabadszirmú	adjective	6	-2.967	FALSE	14	21	1.4666666666666666	0.3829922522561057	-0.7018725607465734	1.0848648130026795
szagosít	verb	7	-2.87	FALSE	1	38	19.5	2.970414465569701	1.830997003949212	1.139417461620489
szalicil	noun	25	-0.79	FALSE	5	28	4.833333333333333	1.575536360758419	-0.5458287759826426	2.12136513674106
szarkaláb	noun	26	-0.631	FALSE	0	30	31	3.4339872044851463	1.2580694191262751	2.1759177853588696
szedelődzködik	verb	13	-2.154	FALSE	1	41	21	3.044522437723423	1.5777890843960767	1.4667333533273461
szegény	adjective	46	1.681	FALSE	0	31	32	3.4657359027997265	0.19876514508466356	3.26697075771506
szeizmogram	noun	12	-2.279	FALSE	18	20	1.105263157894737	0.10008345855698263	-1.3120972461525542	1.4121807047095367
szelíd	adjective	40	0.974	FALSE	0	35	36	3.58351893845611	0.6438640724479046	2.939654866008203
szem	noun	48	1.892	FALSE	0	23	24	3.1780538303479458	-0.19802222460273636	3.376076054950679
szemestakarmány	noun	17	-1.746	FALSE	4	47	9.6	2.2617630984737906	0.576819150675206	1.6849439477985841
szempont	noun	45	1.61	FALSE	1	25	13	2.5649493574615367	-0.6474687516357164	3.212418109097251
szemtükör	noun	15	-1.931	FALSE	2	19	6.666666666666667	1.8971199848858813	0.32128133432291567	1.5758386505629651
szennyeződik	verb	27	-0.551	FALSE	1	24	12.5	2.5257286443082556	0.2952582103315749	2.230470433976679
szeptember	noun	50	2.328	FALSE	0	32	33	3.4965075614664802	0.011326209280178946	3.4851813521862978
szerez	verb	42	1.19	FALSE	0	29	30	3.4011973816621555	0.352437218418331	3.0487601632438217
szervusz	noun	5	-3.092	FALSE	2	38	13	2.5649493574615367	1.5346371930766671	1.03031216438487
szexuális	adjective	46	1.752	FALSE	1	23	12	2.4849066497880004	-0.7820641079270626	3.26697075771506
szidalom	noun	21	-1.192	FALSE	1	37	19	2.9444389791664403	1.041284436896617	1.9031545422698222
sziksófű	noun	15	-1.941	FALSE	15	12	0.8125	-0.2076393647782445	-1.78347801534121	1.5758386505629651
szilikát	noun	28	-0.363	FALSE	7	30	3.875	1.3545456628053103	-0.93047741978918	2.285023082594489
szint	noun	46	1.721	FALSE	1	28	14.5	2.6741486494265287	-0.5928221082885342	3.26697075771506
sziszeg	verb	25	-0.745	FALSE	3	32	8.25	2.1102132003465894	-0.011151936394472067	2.12136513674106
szitok	noun	24	-0.878	FALSE	2	35	12	2.4849066497880004	0.41809416166474844	2.066812488123251
szitál	verb	27	-0.548	FALSE	1	41	21	3.044522437723423	0.8140520037467424	2.230470433976679
szobanövény	noun	29	-0.303	FALSE	0	33	34	3.5263605246161616	1.1867847934038618	2.3395757312122982
szobrász	noun	37	0.599	FALSE	0	28	29	3.367295829986474	0.5912989098316975	2.7759969201547747
szokik	verb	29	-0.316	FALSE	6	30	4.428571428571429	1.488077055429833	-0.8514986757824667	2.3395757312122982
szolmizál	verb	11	-2.439	FALSE	6	27	4	1.3862943611198906	0.028666305028163246	1.357628056091727
szolúbilis	adjective	16	-1.791	FALSE	21	7	0.36363636363636365	-1.0116009116784799	-2.6419922108592555	1.6303912991807747
szomszéd	noun	38	0.798	FALSE	0	25	26	3.258096538021482	0.4275469692488959	2.830549568772584
szorong	verb	32	0.11	FALSE	0	41	42	3.7376696182833684	1.23443594121764	2.503233677065727
szubvencionál	verb	9	-2.666	FALSE	7	24	3.125	1.1394342831883648	-0.10908847566774327	1.248522758856108
szulfit	noun	19	-1.472	FALSE	1	28	14.5	2.6741486494265287	0.8800994043923249	1.7940492450342032
szuperintelligens	adjective	23	-0.991	FALSE	0	30	31	3.4339872044851463	1.421727364979704	2.0122598395054414
szupraindividuális	adjective	19	-1.428	FALSE	8	32	3.6666666666666665	1.2992829841302609	-0.49476626090394304	1.7940492450342032
szállingózik	verb	24	-0.9	FALSE	0	35	36	3.58351893845611	1.516706450332858	2.066812488123251
számít	verb	49	2.063	FALSE	0	32	33	3.4965075614664802	0.06587885789798853	3.4306287035684884
szánkózik	verb	18	-1.54	FALSE	0	37	38	3.6375861597263857	1.8980895633099915	1.7394965964163935
század	noun	49	2.036	FALSE	1	35	18	2.8903717578961645	-0.5402569456723272	3.4306287035684884
százalék	noun	48	1.899	FALSE	0	22	23	3.1354942159291497	-0.24058183902153243	3.376076054950679
széledez	verb	2	-3.569	FALSE	23	24	1.0416666666666667	0.0408219945202552	-0.8258322240111857	0.8666542185314414
szélmalomszárny	noun	3	-3.393	FALSE	8	36	4.111111111111111	1.413693335308005	0.49248646815875446	0.9212068671492509
szélsőjáték	noun	18	-1.578	FALSE	2	27	9.333333333333334	2.2335922215070942	0.4940956250906999	1.7394965964163935
szélvész	noun	29	-0.306	FALSE	1	23	12	2.4849066497880004	0.14533091857570046	2.3395757312122982
szénaköteg	noun	7	-2.829	FALSE	1	26	13.5	2.6026896854443837	1.4632722238238949	1.139417461620489
szíjaz	verb	10	-2.569	FALSE	0	31	32	3.4657359027997265	2.1626604953258086	1.3030754074739175
színpad	noun	40	1.058	FALSE	2	33	11.333333333333334	2.4277482359480516	-0.5119066300601538	2.939654866008203
színű	adjective	47	1.776	FALSE	1	40	20.5	3.0204248861443626	-0.3010985201885098	3.3215234063328696
szódabikarbonát	noun	21	-1.226	FALSE	6	27	4	1.3862943611198906	-0.5168601811499326	1.9031545422698222
szótag	noun	31	-0.048	FALSE	0	29	30	3.4011973816621555	0.9525163532142366	2.4486810284479175
sápít	verb	5	-3.092	FALSE	2	26	9	2.1972245773362196	1.16691241295135	1.03031216438487
sárfolt	noun	16	-1.837	FALSE	1	36	18.5	2.917770732084279	1.2873794329035038	1.6303912991807747
sárgaréz	noun	31	-0.031	FALSE	1	31	16	2.772588722239781	0.3239076937918621	2.4486810284479175
sínsaru	noun	5	-3.092	FALSE	12	14	1.1538461538461537	0.14310084364067324	-0.8872113207441963	1.03031216438487
sóhajt	verb	31	-0.032	FALSE	0	33	34	3.5263605246161616	1.0776794961682425	2.4486810284479175
söröspohár	noun	20	-1.352	FALSE	1	33	17	2.833213344056216	0.9846114504042027	1.8486018936520128
sötét	noun	37	0.624	FALSE	0	27	28	3.332204510175204	0.5562075900204272	2.7759969201547747
sürög	verb	21	-1.217	FALSE	1	35	18	2.8903717578961645	0.9872172156263415	1.9031545422698222
süteményestál	noun	14	-2.051	FALSE	0	43	44	3.784189633918261	2.262903631973105	1.5212860019451555
takaréktűzhely	noun	19	-1.437	FALSE	3	38	9.75	2.277267285009756	0.48321803997555196	1.7940492450342032
takácsmester	noun	20	-1.368	FALSE	0	43	44	3.784189633918261	1.9355877402662474	1.8486018936520128
tangózik	verb	16	-1.78	FALSE	4	33	6.8	1.916922612182061	0.28653131300128587	1.6303912991807747
tanrend	noun	27	-0.489	FALSE	0	33	34	3.5263605246161616	1.295890090639481	2.230470433976679
tanács	noun	44	1.48	FALSE	0	30	31	3.4339872044851463	0.2761217440057025	3.1578654604794414
tanácskozik	verb	26	-0.64	FALSE	0	44	45	3.8066624897703196	1.6307447044114485	2.1759177853588696
tanácsol	verb	30	-0.132	FALSE	0	28	29	3.367295829986474	0.9731674501563647	2.394128379830108
tanít	verb	41	1.086	FALSE	1	30	15.5	2.740840023925201	-0.25336749070081416	2.9942075146260123
tapétáz	verb	13	-2.154	FALSE	1	29	15	2.70805020110221	1.2413168477748637	1.4667333533273461
tarkarézérc	noun	1	-3.87	FALSE	9	23	2.4	0.8754687373538999	0.06336716744026846	0.8121015699136319
tarol	verb	30	-0.219	FALSE	1	18	9.5	2.2512917986064953	-0.14283658122361415	2.394128379830108
tartalom	noun	46	1.71	FALSE	0	31	32	3.4657359027997265	0.19876514508466356	3.26697075771506
tartozik	verb	50	2.197	FALSE	0	32	33	3.4965075614664802	0.011326209280178946	3.4851813521862978
tejeslány	noun	9	-2.666	FALSE	2	35	12	2.4849066497880004	1.2363838909318925	1.248522758856108
temperamentum	noun	30	-0.181	FALSE	0	21	22	3.091042453358316	0.6969140735282067	2.394128379830108
templomoz	verb	5	-3.092	FALSE	17	26	1.5	0.4054651081081644	-0.6248470562767052	1.03031216438487
tenger	noun	44	1.456	FALSE	2	38	13	2.5649493574615367	-0.592916103017907	3.1578654604794414
terhelődik	verb	26	-0.601	FALSE	1	36	18.5	2.917770732084279	0.7418529467254079	2.1759177853588696
terjed	verb	45	1.547	FALSE	0	27	28	3.332204510175204	0.1197864010779506	3.212418109097251
teríték	noun	30	-0.116	FALSE	1	28	14.5	2.6741486494265287	0.2800202695964193	2.394128379830108
tesped	verb	20	-1.34	FALSE	5	23	4	1.3862943611198906	-0.46230753253212303	1.8486018936520128
testnedv	noun	23	-0.969	FALSE	3	30	7.75	2.0476928433652555	0.03543300385981316	2.0122598395054414
tetszik	verb	48	1.939	FALSE	0	37	38	3.6375861597263857	0.2615101047757035	3.376076054950679
tetvetlenít	verb	2	-3.569	FALSE	9	18	1.9	0.6418538861723947	-0.22480033235904615	0.8666542185314414
tincs	noun	27	-0.473	FALSE	4	28	5.8	1.7578579175523736	-0.47261251642430707	2.230470433976679
tipizál	verb	17	-1.743	FALSE	10	32	3	1.0986122886681098	-0.5863316591304749	1.6849439477985841
tipográfus	noun	26	-0.682	FALSE	5	36	6.166666666666667	1.8191584434161694	-0.35675934194270176	2.1759177853588696
tokmány	noun	26	-0.629	FALSE	19	20	1.05	0.04879016416943205	-2.127127621189439	2.1759177853588696
tokosodik	verb	11	-2.455	FALSE	7	27	3.5	1.252762968495368	-0.10486508759635926	1.357628056091727
tokozódik	verb	11	-2.439	FALSE	12	19	1.5384615384615385	0.43078291609245434	-0.926845139999273	1.357628056091727
torz	adjective	37	0.694	FALSE	0	29	30	3.4011973816621555	0.6252004615073788	2.7759969201547747
totemoszlop	noun	22	-1.169	FALSE	5	28	4.833333333333333	1.575536360758419	-0.38217083012921377	1.9577071908876318
transzplantál	verb	5	-3.092	FALSE	4	30	6.2	1.824549292051046	0.7942371276661764	1.03031216438487
trend	noun	41	1.074	FALSE	1	31	16	2.772588722239781	-0.22161879238623386	2.9942075146260123
tropikus	adjective	27	-0.563	FALSE	6	28	4.142857142857143	1.421385680931161	-0.8090847530455197	2.230470433976679
truccol	verb	9	-2.694	FALSE	26	15	0.5925925925925926	-0.5232481437645479	-1.7717709026206558	1.248522758856108
turné	noun	38	0.819	FALSE	3	24	6.25	1.8325814637483102	-0.9979681050242759	2.830549568772584
tábornagy	noun	29	-0.321	FALSE	1	32	16.5	2.803360380906535	0.46378464969423494	2.3395757312122982
tábornok	noun	40	1.005	FALSE	1	24	12.5	2.5257286443082556	-0.41392622169994975	2.939654866008203
táborozik	verb	25	-0.775	FALSE	1	28	14.5	2.6741486494265287	0.5527835126854672	2.12136513674106
tángál	verb	7	-2.87	FALSE	11	19	1.6666666666666667	0.5108256237659907	-0.6285918378544981	1.139417461620489
tárgylemez	noun	22	-1.096	FALSE	3	33	8.5	2.1400661634962708	0.18235897260863806	1.9577071908876318
téesz	noun	28	-0.444	FALSE	27	12	0.4642857142857143	-0.7672551527136672	-3.0522782353081577	2.285023082594489
tér	noun	49	2.108	FALSE	1	33	17	2.833213344056216	-0.5974153595122755	3.4306287035684884
téveszmerendszer	noun	14	-2.099	FALSE	9	27	2.8	1.0296194171811581	-0.49166658476399794	1.5212860019451555
téveszt	verb	28	-0.386	FALSE	0	26	27	3.295836866004329	1.010813783409839	2.285023082594489
tévhit	noun	37	0.709	FALSE	0	34	35	3.5553480614894135	0.7793511413346369	2.7759969201547747
típusú	adjective	49	2.082	FALSE	0	35	36	3.58351893845611	0.15289023488761821	3.4306287035684884
tópart	noun	28	-0.348	FALSE	0	35	36	3.58351893845611	1.2984958558616198	2.285023082594489
többszörös	adjective	40	1.041	FALSE	0	29	30	3.4011973816621555	0.4615425156539501	2.939654866008203
tököl	verb	22	-1.12	FALSE	2	30	10.333333333333334	2.3353749158170367	0.377667724929404	1.9577071908876318
tömődik	verb	21	-1.26	FALSE	1	32	16.5	2.803360380906535	0.9002058386367117	1.9031545422698222
töredék	noun	34	0.316	FALSE	0	24	25	3.2188758248682006	0.6065368505668528	2.6123389743013457
törköly	noun	27	-0.572	FALSE	9	24	2.5	0.9162907318741551	-1.3141797021025254	2.230470433976679
törzskönyvez	verb	11	-2.365	FALSE	1	37	19	2.9444389791664403	1.586810923074713	1.357628056091727
törékeny	adjective	39	0.894	FALSE	0	31	32	3.4657359027997265	0.5806336854093308	2.8851022173903935
törődik	verb	37	0.7	FALSE	0	31	32	3.4657359027997265	0.6897389826449499	2.7759969201547747
túlium	noun	11	-2.352	FALSE	26	11	0.4444444444444444	-0.8109302162163288	-2.1685582723080565	1.357628056091727
türemlik	verb	11	-2.393	FALSE	21	23	1.0909090909090908	0.0870113769896297	-1.2706166791020976	1.357628056091727
tőzsérkedik	verb	1	-3.87	FALSE	12	19	1.5384615384615385	0.43078291609245434	-0.3813186538211771	0.8121015699136319
un	verb	37	0.632	FALSE	18	12	0.6842105263157895	-0.3794896217049037	-3.15548654185968	2.7759969201547747
urbanizálódik	verb	14	-1.995	FALSE	4	29	6	1.791759469228055	0.2704734672828989	1.5212860019451555
utalvány	noun	38	0.787	FALSE	0	37	38	3.6375861597263857	0.8070365909537995	2.830549568772584
utálkodik	verb	3	-3.393	FALSE	8	31	3.5555555555555554	1.2685113254635072	0.34730445831425666	0.9212068671492509
vabank	noun	12	-2.247	FALSE	36	5	0.16216216216216217	-1.8191584434161694	-3.2313391481257066	1.4121807047095367
vagdalthús	noun	18	-1.542	FALSE	0	35	36	3.58351893845611	1.8440223420397157	1.7394965964163935
vagyon	noun	44	1.466	FALSE	0	30	31	3.4339872044851463	0.2761217440057025	3.1578654604794414
vakaródzik	verb	22	-1.15	FALSE	3	25	6.5	1.8718021769015913	-0.08590501398604139	1.9577071908876318
varieté	noun	26	-0.671	FALSE	19	18	0.95	-0.05129329438755058	-2.227211079746422	2.1759177853588696
vasáru	noun	19	-1.492	FALSE	1	23	12	2.4849066497880004	0.6908574047537965	1.7940492450342032
vegyesbolt	noun	28	-0.451	FALSE	0	21	22	3.091042453358316	0.8060193707638258	2.285023082594489
vektorinvariáns	noun	1	-3.87	FALSE	16	14	0.8823529411764706	-0.12516314295400605	-0.9372647128676375	0.8121015699136319
vendég	noun	45	1.546	FALSE	0	32	33	3.4965075614664802	0.284089452369227	3.212418109097251
verizmus	noun	19	-1.469	FALSE	27	5	0.21428571428571427	-1.540445040947149	-3.334494285981353	1.7940492450342032
verseny	noun	49	2.108	FALSE	0	37	38	3.6375861597263857	0.20695745615789396	3.4306287035684884
viaszoz	verb	2	-3.569	FALSE	11	32	2.75	1.0116009116784799	0.14494669314703892	0.8666542185314414
vicc	noun	41	1.086	FALSE	1	28	14.5	2.6741486494265287	-0.3200588651994863	2.9942075146260123
vicsorog	verb	24	-0.843	FALSE	0	33	34	3.5263605246161616	1.4595480364929097	2.066812488123251
villany	noun	38	0.771	FALSE	0	35	36	3.58351893845611	0.7529693696835238	2.830549568772584
virág	noun	42	1.275	FALSE	0	38	39	3.6635616461296463	0.6148014828858218	3.0487601632438217
virágpor	noun	32	0.057	FALSE	0	32	33	3.4965075614664802	0.9932738844007518	2.503233677065727
visong	verb	18	-1.534	FALSE	1	29	15	2.70805020110221	0.96855360468581575	1.7394965964163935
viszkóz	noun	26	-0.61	FALSE	5	31	5.333333333333333	1.6739764335716716	-0.5019413517871996	2.1759177853588696
viszkózus	adjective	27	-0.482	FALSE	5	36	6.166666666666667	1.8191584434161694	-0.4113119905605113	2.230470433976679
viszonvád	noun	13	-2.163	FALSE	12	13	1.0769230769230769	0.074107972153721835	-1.3926253811736247	1.4667333533273461
viszály	noun	33	0.18	FALSE	1	27	14	2.6390573296152584	0.08127100393172018	2.5577863256835363
vitamindús	adjective	30	-0.13	FALSE	0	30	31	3.4339872044851463	1.0398588246550369	2.394128379830108
vizesvödör	noun	16	-1.849	FALSE	2	31	10.666666666666666	2.367123614131617	0.7367323149508418	1.6303912991807747
volt	noun	23	-0.975	FALSE	0	28	29	3.367295829986474	1.3550359904810318	2.0122598395054414
vulkanizál	verb	10	-2.569	FALSE	4	29	6	1.791759469228055	0.4886840617541373	1.3030754074739175
vád	noun	40	0.987	FALSE	1	23	12	2.4849066497880004	-0.454748216220205	2.939654866008203
változik	verb	46	1.765	FALSE	3	36	9.25	2.224623551524334	-1.042347206190729	3.26697075771506
vászonbetét	noun	4	-3.171	FALSE	2	39	13.333333333333334	2.5902671654458267	1.6145076496787667	0.9757595157670604
védővámrendszer	noun	11	-2.439	FALSE	2	30	10.333333333333334	2.3353749158170367	0.9777468597253094	1.357628056091727
végbél	noun	34	0.305	FALSE	0	23	24	3.1780538303479458	0.565714856046598	2.6123389743013457
vélekedik	verb	36	0.555	FALSE	1	25	13	2.5649493574615367	-0.1564949140754303	2.721444271536965
véresszájú	adjective	25	-0.722	FALSE	1	42	21.5	3.068052935133617	0.9466877983925555	2.12136513674106
vértanú	adjective	29	-0.287	FALSE	1	31	16	2.772588722239781	0.43301299102748125	2.3395757312122982
vízilabdázik	verb	20	-1.302	FALSE	1	26	13.5	2.6026896854443837	0.7540877917923702	1.8486018936520128
vörös	adjective	46	1.699	FALSE	0	23	24	3.1780538303479458	-0.08891692736711723	3.26697075771506
zenekar	noun	47	1.823	FALSE	1	37	19	2.9444389791664403	-0.3770844271664321	3.3215234063328696
zománcáru	noun	12	-2.237	FALSE	4	33	6.8	1.916922612182061	0.5047419074725242	1.4121807047095367
zord	adjective	38	0.749	FALSE	1	32	16.5	2.803360380906535	-0.027189187866051366	2.830549568772584
zsúfolódik	verb	23	-0.937	FALSE	0	37	38	3.6375861597263857	1.6253263202209434	2.0122598395054414
zuboly	noun	10	-2.569	FALSE	11	16	1.4166666666666667	0.3483066942682158	-0.9547687132057017	1.3030754074739175
zártkörű	adjective	36	0.486	FALSE	0	34	35	3.5553480614894135	0.8339037899524465	2.721444271536965
zörög	verb	32	0.052	FALSE	0	34	35	3.5553480614894135	1.052114384423685	2.503233677065727
állvány	noun	37	0.649	FALSE	0	29	30	3.4011973816621555	0.6252004615073788	2.7759969201547747
állótükör	noun	16	-1.813	FALSE	0	35	36	3.58351893845611	1.9531276392753347	1.6303912991807747
álomkór	noun	22	-1.096	FALSE	0	33	34	3.5263605246161616	1.5686533337285287	1.9577071908876318
általad	verb	43	1.316	FALSE	0	28	29	3.367295829986474	0.26398301812484	3.103312811861631
ár	noun	48	1.907	FALSE	1	28	14.5	2.6741486494265287	-0.7019274055241533	3.376076054950679
áradmány	noun	9	-2.64	FALSE	14	16	1.1333333333333333	0.125163142954006	-1.1233596159021018	1.248522758856108
árstop	noun	11	-2.365	FALSE	11	26	2.25	0.8109302162163288	-0.5466978398753986	1.357628056091727
árus	adjective	28	-0.422	FALSE	2	36	12.333333333333334	2.512305623976115	0.22728254138162454	2.285023082594489
áruszállítmány	noun	15	-1.926	FALSE	0	47	48	3.871201010907891	2.295362360344925	1.5758386505629651
ég	noun	45	1.592	FALSE	0	29	30	3.4011973816621555	0.18877927256490226	3.212418109097251
égitest	noun	35	0.434	FALSE	0	19	20	2.995732273553991	0.3288406506348334	2.6668916229191555
ékszer	noun	39	0.854	FALSE	0	26	27	3.295836866004329	0.41073464861393333	2.8851022173903935
érkezik	verb	48	1.898	FALSE	2	23	8	2.0794415416798357	-1.2966345132708463	3.376076054950679
érlelődik	verb	30	-0.188	FALSE	1	27	14	2.6390573296152584	0.24492894978514898	2.394128379830108
értékesít	verb	34	0.344	FALSE	0	30	31	3.4339872044851463	0.8216482301837985	2.6123389743013457
évfolyam	noun	47	1.79	FALSE	0	29	30	3.4011973816621555	0.07967397532928314	3.3215234063328696
írótoll	noun	17	-1.642	FALSE	3	41	10.5	2.3513752571634776	0.6664313093648929	1.6849439477985841
ízesedik	verb	13	-2.154	FALSE	3	27	7	1.9459101490553132	0.47917679572796673	1.4667333533273461
ólom	noun	35	0.451	FALSE	1	29	15	2.70805020110221	0.04115857818305264	2.6668916229191555
ómagyar	adjective	28	-0.441	FALSE	2	33	11.333333333333334	2.4277482359480516	0.14272515335356128	2.285023082594489
öklelődzik	verb	7	-2.916	FALSE	16	21	1.2941176470588236	0.25782910930209985	-0.881588352318389	1.139417461620489
öklelőzik	verb	6	-3.025	FALSE	19	9	0.5	-0.6931471805599453	-1.7780119935626246	1.0848648130026795
öklendez	verb	14	-2.092	FALSE	0	41	42	3.7376696182833684	2.2163836163382125	1.5212860019451555
ökonómus	noun	15	-1.941	FALSE	12	22	1.7692307692307692	0.5705448584676129	-1.0052937920953526	1.5758386505629651
örmény	adjective	38	0.795	FALSE	0	23	24	3.1780538303479458	0.3475042615753595	2.830549568772584
örvend	verb	39	0.854	FALSE	0	33	34	3.5263605246161616	0.6412583072257658	2.8851022173903935
öröm	noun	45	1.607	FALSE	0	31	32	3.4657359027997265	0.2533177937024733	3.212418109097251
össztűz	noun	27	-0.523	FALSE	3	25	6.5	1.8718021769015913	-0.35866825707508937	2.230470433976679
ötletdús	adjective	19	-1.457	FALSE	1	34	17.5	2.8622008809294686	1.0681516358952647	1.7940492450342032
ötvöződik	verb	31	-0.033	FALSE	4	30	6.2	1.824549292051046	-0.6241317363968729	2.4486810284479175
újgazdag	noun	29	-0.337	FALSE	1	26	13.5	2.6026896854443837	0.26311395423208384	2.3395757312122982
üldögél	verb	32	0.041	FALSE	0	32	33	3.4965075614664802	0.9932738844007518	2.503233677065727
üveg	noun	45	1.54	FALSE	0	29	30	3.4011973816621555	0.18877927256490226	3.212418109097251
üzemanyagár	noun	27	-0.49	FALSE	3	26	6.75	1.9095425048844386	-0.32092792909224216	2.230470433976679
őrült	noun	31	-0.042	FALSE	0	28	29	3.367295829986474	0.9186148015385552	2.4486810284479175
űrlap	noun	40	1.015	FALSE	0	25	26	3.258096538021482	0.3184416720132768	2.939654866008203
