﻿trials.thisRepN,trials.thisTrialN,trials.thisN,trials.thisIndex,block_names,within_block.thisRepN,within_block.thisTrialN,within_block.thisN,within_block.thisIndex,word,difficulty,correct_answer,instruction_text1.started,instruction_text1.stopped,instruction_text2.started,instruction_text2.stopped,ready2.keys,ready2.rt,ready2.started,ready2.stopped,show_text.started,show_text.stopped,key_resp.keys,key_resp.rt,key_resp.started,key_resp.stopped,text.started,text.stopped,key_resp_2.keys,key_resp_2.rt,key_resp_2.started,key_resp_2.stopped,instruction_text3.started,instruction_text3.stopped,ready3.keys,ready3.rt,ready3.started,ready3.stopped,Azonosító,Az Ön neme,Születési éve,Hány évet töltött az iskolapadban (egyetemet is beleértve),date,expName,psychopyVersion,frameRate,
,,,,,,,,,,,,9.427551666041836,None,10.79614141501952,None,up,0.596786092966795,10.79614141501952,None,,,,,,,,,,,,,,,,,,,,,,,2020_May_25_1014,lexdecspan,2020.1.2,59.98427377736026,
,,,,,,,,,,,,,,,,,,,,11.881681326078251,None,right,0.40721453400328755,11.881681326078251,None,,,,,,,,,,,,,,,,,2020_May_25_1014,lexdecspan,2020.1.2,59.98427377736026,
,,,,,,,,,,,,,,,,,,,,,,,,,,17.268506681080908,None,right,0.916443630005233,17.268506681080908,None,,,,,,,,,,,2020_May_25_1014,lexdecspan,2020.1.2,59.98427377736026,
,,,,,,,,,,,,,,,,,,,,,,,,,,,,,,,,18.202192124095745,None,escape,1.8707653020974249,18.202192124095745,None,,,,,2020_May_25_1014,lexdecspan,2020.1.2,59.98427377736026,
